"ID","IDDIST","NOMBDEP","NOMBPROV","NOMBDIST","NOM_CAPITAL_LEGAL","COD_REG_NAT","REGION_NATURAL"
"1","010101","AMAZONAS","CHACHAPOYAS","CHACHAPOYAS",NULL,NULL,NULL
"2","010102","AMAZONAS","CHACHAPOYAS","ASUNCION",NULL,NULL,NULL
"3","010103","AMAZONAS","CHACHAPOYAS","BALSAS",NULL,NULL,NULL
"4","010104","AMAZONAS","CHACHAPOYAS","CHETO",NULL,NULL,NULL
"5","010105","AMAZONAS","CHACHAPOYAS","CHILIQUIN",NULL,NULL,NULL
"6","010106","AMAZONAS","CHACHAPOYAS","CHUQUIBAMBA",NULL,NULL,NULL
"7","010107","AMAZONAS","CHACHAPOYAS","GRANADA",NULL,NULL,NULL
"8","010108","AMAZONAS","CHACHAPOYAS","HUANCAS",NULL,NULL,NULL
"9","010109","AMAZONAS","CHACHAPOYAS","LA JALCA",NULL,NULL,NULL
"10","010110","AMAZONAS","CHACHAPOYAS","LEIMEBAMBA",NULL,NULL,NULL
"11","010111","AMAZONAS","CHACHAPOYAS","LEVANTO",NULL,NULL,NULL
"12","010112","AMAZONAS","CHACHAPOYAS","MAGDALENA",NULL,NULL,NULL
"13","010113","AMAZONAS","CHACHAPOYAS","MARISCAL CASTILLA",NULL,NULL,NULL
"14","010114","AMAZONAS","CHACHAPOYAS","MOLINOPAMPA",NULL,NULL,NULL
"15","010115","AMAZONAS","CHACHAPOYAS","MONTEVIDEO",NULL,NULL,NULL
"16","010116","AMAZONAS","CHACHAPOYAS","OLLEROS",NULL,NULL,NULL
"17","010117","AMAZONAS","CHACHAPOYAS","QUINJALCA",NULL,NULL,NULL
"18","010118","AMAZONAS","CHACHAPOYAS","SAN FRANCISCO DE DAGUAS",NULL,NULL,NULL
"19","010119","AMAZONAS","CHACHAPOYAS","SAN ISIDRO DE MAINO",NULL,NULL,NULL
"20","010120","AMAZONAS","CHACHAPOYAS","SOLOCO",NULL,NULL,NULL
"21","010121","AMAZONAS","CHACHAPOYAS","SONCHE",NULL,NULL,NULL
"22","010201","AMAZONAS","BAGUA","BAGUA",NULL,NULL,NULL
"23","010202","AMAZONAS","BAGUA","ARAMANGO",NULL,NULL,NULL
"24","010203","AMAZONAS","BAGUA","COPALLIN",NULL,NULL,NULL
"25","010204","AMAZONAS","BAGUA","EL PARCO",NULL,NULL,NULL
"26","010205","AMAZONAS","BAGUA","IMAZA",NULL,NULL,NULL
"27","010206","AMAZONAS","BAGUA","LA PECA",NULL,NULL,NULL
"28","010301","AMAZONAS","BONGARA","JUMBILLA",NULL,NULL,NULL
"29","010302","AMAZONAS","BONGARA","CHISQUILLA",NULL,NULL,NULL
"30","010303","AMAZONAS","BONGARA","CHURUJA",NULL,NULL,NULL
"31","010304","AMAZONAS","BONGARA","COROSHA",NULL,NULL,NULL
"32","010305","AMAZONAS","BONGARA","CUISPES",NULL,NULL,NULL
"33","010306","AMAZONAS","BONGARA","FLORIDA",NULL,NULL,NULL
"34","010307","AMAZONAS","BONGARA","JAZAN",NULL,NULL,NULL
"35","010308","AMAZONAS","BONGARA","RECTA",NULL,NULL,NULL
"36","010309","AMAZONAS","BONGARA","SAN CARLOS",NULL,NULL,NULL
"37","010310","AMAZONAS","BONGARA","SHIPASBAMBA",NULL,NULL,NULL
"38","010311","AMAZONAS","BONGARA","VALERA",NULL,NULL,NULL
"39","010312","AMAZONAS","BONGARA","YAMBRASBAMBA",NULL,NULL,NULL
"40","010401","AMAZONAS","CONDORCANQUI","NIEVA",NULL,NULL,NULL
"41","010402","AMAZONAS","CONDORCANQUI","EL CENEPA",NULL,NULL,NULL
"42","010403","AMAZONAS","CONDORCANQUI","RIO SANTIAGO",NULL,NULL,NULL
"43","010501","AMAZONAS","LUYA","LAMUD",NULL,NULL,NULL
"44","010502","AMAZONAS","LUYA","CAMPORREDONDO",NULL,NULL,NULL
"45","010503","AMAZONAS","LUYA","COCABAMBA",NULL,NULL,NULL
"46","010504","AMAZONAS","LUYA","COLCAMAR",NULL,NULL,NULL
"47","010505","AMAZONAS","LUYA","CONILA",NULL,NULL,NULL
"48","010506","AMAZONAS","LUYA","INGUILPATA",NULL,NULL,NULL
"49","010507","AMAZONAS","LUYA","LONGUITA",NULL,NULL,NULL
"50","010508","AMAZONAS","LUYA","LONYA CHICO",NULL,NULL,NULL
"51","010509","AMAZONAS","LUYA","LUYA",NULL,NULL,NULL
"52","010510","AMAZONAS","LUYA","LUYA VIEJO",NULL,NULL,NULL
"53","010511","AMAZONAS","LUYA","MARIA",NULL,NULL,NULL
"54","010512","AMAZONAS","LUYA","OCALLI",NULL,NULL,NULL
"55","010513","AMAZONAS","LUYA","OCUMAL",NULL,NULL,NULL
"56","010514","AMAZONAS","LUYA","PISUQUIA",NULL,NULL,NULL
"57","010515","AMAZONAS","LUYA","PROVIDENCIA",NULL,NULL,NULL
"58","010516","AMAZONAS","LUYA","SAN CRISTOBAL",NULL,NULL,NULL
"59","010517","AMAZONAS","LUYA","SAN FRANCISCO DEL YESO",NULL,NULL,NULL
"60","010518","AMAZONAS","LUYA","SAN JERONIMO",NULL,NULL,NULL
"61","010519","AMAZONAS","LUYA","SAN JUAN DE LOPECANCHA",NULL,NULL,NULL
"62","010520","AMAZONAS","LUYA","SANTA CATALINA",NULL,NULL,NULL
"63","010521","AMAZONAS","LUYA","SANTO TOMAS",NULL,NULL,NULL
"64","010522","AMAZONAS","LUYA","TINGO",NULL,NULL,NULL
"65","010523","AMAZONAS","LUYA","TRITA",NULL,NULL,NULL
"66","010601","AMAZONAS","RODRIGUEZ DE MENDOZA","SAN NICOLAS",NULL,NULL,NULL
"67","010602","AMAZONAS","RODRIGUEZ DE MENDOZA","CHIRIMOTO",NULL,NULL,NULL
"68","010603","AMAZONAS","RODRIGUEZ DE MENDOZA","COCHAMAL",NULL,NULL,NULL
"69","010604","AMAZONAS","RODRIGUEZ DE MENDOZA","HUAMBO",NULL,NULL,NULL
"70","010605","AMAZONAS","RODRIGUEZ DE MENDOZA","LIMABAMBA",NULL,NULL,NULL
"71","010606","AMAZONAS","RODRIGUEZ DE MENDOZA","LONGAR",NULL,NULL,NULL
"72","010607","AMAZONAS","RODRIGUEZ DE MENDOZA","MARISCAL BENAVIDES",NULL,NULL,NULL
"73","010608","AMAZONAS","RODRIGUEZ DE MENDOZA","MILPUC",NULL,NULL,NULL
"74","010609","AMAZONAS","RODRIGUEZ DE MENDOZA","OMIA",NULL,NULL,NULL
"75","010610","AMAZONAS","RODRIGUEZ DE MENDOZA","SANTA ROSA",NULL,NULL,NULL
"76","010611","AMAZONAS","RODRIGUEZ DE MENDOZA","TOTORA",NULL,NULL,NULL
"77","010612","AMAZONAS","RODRIGUEZ DE MENDOZA","VISTA ALEGRE",NULL,NULL,NULL
"78","010701","AMAZONAS","UTCUBAMBA","BAGUA GRANDE",NULL,NULL,NULL
"79","010702","AMAZONAS","UTCUBAMBA","CAJARURO",NULL,NULL,NULL
"80","010703","AMAZONAS","UTCUBAMBA","CUMBA",NULL,NULL,NULL
"81","010704","AMAZONAS","UTCUBAMBA","EL MILAGRO",NULL,NULL,NULL
"82","010705","AMAZONAS","UTCUBAMBA","JAMALCA",NULL,NULL,NULL
"83","010706","AMAZONAS","UTCUBAMBA","LONYA GRANDE",NULL,NULL,NULL
"84","010707","AMAZONAS","UTCUBAMBA","YAMON",NULL,NULL,NULL
"85","020101","ANCASH","HUARAZ","HUARAZ",NULL,NULL,NULL
"86","020102","ANCASH","HUARAZ","COCHABAMBA",NULL,NULL,NULL
"87","020103","ANCASH","HUARAZ","COLCABAMBA",NULL,NULL,NULL
"88","020104","ANCASH","HUARAZ","HUANCHAY",NULL,NULL,NULL
"89","020105","ANCASH","HUARAZ","INDEPENDENCIA",NULL,NULL,NULL
"90","020106","ANCASH","HUARAZ","JANGAS",NULL,NULL,NULL
"91","020107","ANCASH","HUARAZ","LA LIBERTAD",NULL,NULL,NULL
"92","020108","ANCASH","HUARAZ","OLLEROS",NULL,NULL,NULL
"93","020109","ANCASH","HUARAZ","PAMPAS GRANDE",NULL,NULL,NULL
"94","020110","ANCASH","HUARAZ","PARIACOTO",NULL,NULL,NULL
"95","020111","ANCASH","HUARAZ","PIRA",NULL,NULL,NULL
"96","020112","ANCASH","HUARAZ","TARICA",NULL,NULL,NULL
"97","020201","ANCASH","AIJA","AIJA",NULL,NULL,NULL
"98","020202","ANCASH","AIJA","CORIS",NULL,NULL,NULL
"99","020203","ANCASH","AIJA","HUACLLAN",NULL,NULL,NULL
"100","020204","ANCASH","AIJA","LA MERCED",NULL,NULL,NULL
"101","020205","ANCASH","AIJA","SUCCHA",NULL,NULL,NULL
"102","020301","ANCASH","ANTONIO RAYMONDI","LLAMELLIN",NULL,NULL,NULL
"103","020302","ANCASH","ANTONIO RAYMONDI","ACZO",NULL,NULL,NULL
"104","020303","ANCASH","ANTONIO RAYMONDI","CHACCHO",NULL,NULL,NULL
"105","020304","ANCASH","ANTONIO RAYMONDI","CHINGAS",NULL,NULL,NULL
"106","020305","ANCASH","ANTONIO RAYMONDI","MIRGAS",NULL,NULL,NULL
"107","020306","ANCASH","ANTONIO RAYMONDI","SAN JUAN DE RONTOY",NULL,NULL,NULL
"108","020401","ANCASH","ASUNCION","CHACAS",NULL,NULL,NULL
"109","020402","ANCASH","ASUNCION","ACOCHACA",NULL,NULL,NULL
"110","020501","ANCASH","BOLOGNESI","CHIQUIAN",NULL,NULL,NULL
"111","020502","ANCASH","BOLOGNESI","ABELARDO PARDO LEZAMETA",NULL,NULL,NULL
"112","020503","ANCASH","BOLOGNESI","ANTONIO RAYMONDI",NULL,NULL,NULL
"113","020504","ANCASH","BOLOGNESI","AQUIA",NULL,NULL,NULL
"114","020505","ANCASH","BOLOGNESI","CAJACAY",NULL,NULL,NULL
"115","020506","ANCASH","BOLOGNESI","CANIS",NULL,NULL,NULL
"116","020507","ANCASH","BOLOGNESI","COLQUIOC",NULL,NULL,NULL
"117","020508","ANCASH","BOLOGNESI","HUALLANCA",NULL,NULL,NULL
"118","020509","ANCASH","BOLOGNESI","HUASTA",NULL,NULL,NULL
"119","020510","ANCASH","BOLOGNESI","HUAYLLACAYAN",NULL,NULL,NULL
"120","020511","ANCASH","BOLOGNESI","LA PRIMAVERA",NULL,NULL,NULL
"121","020512","ANCASH","BOLOGNESI","MANGAS",NULL,NULL,NULL
"122","020513","ANCASH","BOLOGNESI","PACLLON",NULL,NULL,NULL
"123","020514","ANCASH","BOLOGNESI","SAN MIGUEL DE CORPANQUI",NULL,NULL,NULL
"124","020515","ANCASH","BOLOGNESI","TICLLOS",NULL,NULL,NULL
"125","020601","ANCASH","CARHUAZ","CARHUAZ",NULL,NULL,NULL
"126","020602","ANCASH","CARHUAZ","ACOPAMPA",NULL,NULL,NULL
"127","020603","ANCASH","CARHUAZ","AMASHCA",NULL,NULL,NULL
"128","020604","ANCASH","CARHUAZ","ANTA",NULL,NULL,NULL
"129","020605","ANCASH","CARHUAZ","ATAQUERO",NULL,NULL,NULL
"130","020606","ANCASH","CARHUAZ","MARCARA",NULL,NULL,NULL
"131","020607","ANCASH","CARHUAZ","PARIAHUANCA",NULL,NULL,NULL
"132","020608","ANCASH","CARHUAZ","SAN MIGUEL DE ACO",NULL,NULL,NULL
"133","020609","ANCASH","CARHUAZ","SHILLA",NULL,NULL,NULL
"134","020610","ANCASH","CARHUAZ","TINCO",NULL,NULL,NULL
"135","020611","ANCASH","CARHUAZ","YUNGAR",NULL,NULL,NULL
"136","020701","ANCASH","CARLOS FERMIN FITZCARRALD","SAN LUIS",NULL,NULL,NULL
"137","020702","ANCASH","CARLOS FERMIN FITZCARRALD","SAN NICOLAS",NULL,NULL,NULL
"138","020703","ANCASH","CARLOS FERMIN FITZCARRALD","YAUYA",NULL,NULL,NULL
"139","020801","ANCASH","CASMA","CASMA",NULL,NULL,NULL
"140","020802","ANCASH","CASMA","BUENA VISTA ALTA",NULL,NULL,NULL
"141","020803","ANCASH","CASMA","COMANDANTE NOEL",NULL,NULL,NULL
"142","020804","ANCASH","CASMA","YAUTAN",NULL,NULL,NULL
"143","020901","ANCASH","CORONGO","CORONGO",NULL,NULL,NULL
"144","020902","ANCASH","CORONGO","ACO",NULL,NULL,NULL
"145","020903","ANCASH","CORONGO","BAMBAS",NULL,NULL,NULL
"146","020904","ANCASH","CORONGO","CUSCA",NULL,NULL,NULL
"147","020905","ANCASH","CORONGO","LA PAMPA",NULL,NULL,NULL
"148","020906","ANCASH","CORONGO","YANAC",NULL,NULL,NULL
"149","020907","ANCASH","CORONGO","YUPAN",NULL,NULL,NULL
"150","021001","ANCASH","HUARI","HUARI",NULL,NULL,NULL
"151","021002","ANCASH","HUARI","ANRA",NULL,NULL,NULL
"152","021003","ANCASH","HUARI","CAJAY",NULL,NULL,NULL
"153","021004","ANCASH","HUARI","CHAVIN DE HUANTAR",NULL,NULL,NULL
"154","021005","ANCASH","HUARI","HUACACHI",NULL,NULL,NULL
"155","021006","ANCASH","HUARI","HUACCHIS",NULL,NULL,NULL
"156","021007","ANCASH","HUARI","HUACHIS",NULL,NULL,NULL
"157","021008","ANCASH","HUARI","HUANTAR",NULL,NULL,NULL
"158","021009","ANCASH","HUARI","MASIN",NULL,NULL,NULL
"159","021010","ANCASH","HUARI","PAUCAS",NULL,NULL,NULL
"160","021011","ANCASH","HUARI","PONTO",NULL,NULL,NULL
"161","021012","ANCASH","HUARI","RAHUAPAMPA",NULL,NULL,NULL
"162","021013","ANCASH","HUARI","RAPAYAN",NULL,NULL,NULL
"163","021014","ANCASH","HUARI","SAN MARCOS",NULL,NULL,NULL
"164","021015","ANCASH","HUARI","SAN PEDRO DE CHANA",NULL,NULL,NULL
"165","021016","ANCASH","HUARI","UCO",NULL,NULL,NULL
"166","021101","ANCASH","HUARMEY","HUARMEY",NULL,NULL,NULL
"167","021102","ANCASH","HUARMEY","COCHAPETI",NULL,NULL,NULL
"168","021103","ANCASH","HUARMEY","CULEBRAS",NULL,NULL,NULL
"169","021104","ANCASH","HUARMEY","HUAYAN",NULL,NULL,NULL
"170","021105","ANCASH","HUARMEY","MALVAS",NULL,NULL,NULL
"171","021201","ANCASH","HUAYLAS","CARAZ",NULL,NULL,NULL
"172","021202","ANCASH","HUAYLAS","HUALLANCA",NULL,NULL,NULL
"173","021203","ANCASH","HUAYLAS","HUATA",NULL,NULL,NULL
"174","021204","ANCASH","HUAYLAS","HUAYLAS",NULL,NULL,NULL
"175","021205","ANCASH","HUAYLAS","MATO",NULL,NULL,NULL
"176","021206","ANCASH","HUAYLAS","PAMPAROMAS",NULL,NULL,NULL
"177","021207","ANCASH","HUAYLAS","PUEBLO LIBRE",NULL,NULL,NULL
"178","021208","ANCASH","HUAYLAS","SANTA CRUZ",NULL,NULL,NULL
"179","021209","ANCASH","HUAYLAS","SANTO TORIBIO",NULL,NULL,NULL
"180","021210","ANCASH","HUAYLAS","YURACMARCA",NULL,NULL,NULL
"181","021301","ANCASH","MARISCAL LUZURIAGA","PISCOBAMBA",NULL,NULL,NULL
"182","021302","ANCASH","MARISCAL LUZURIAGA","CASCA",NULL,NULL,NULL
"183","021303","ANCASH","MARISCAL LUZURIAGA","ELEAZAR GUZMAN BARRON",NULL,NULL,NULL
"184","021304","ANCASH","MARISCAL LUZURIAGA","FIDEL OLIVAS ESCUDERO",NULL,NULL,NULL
"185","021305","ANCASH","MARISCAL LUZURIAGA","LLAMA",NULL,NULL,NULL
"186","021306","ANCASH","MARISCAL LUZURIAGA","LLUMPA",NULL,NULL,NULL
"187","021307","ANCASH","MARISCAL LUZURIAGA","LUCMA",NULL,NULL,NULL
"188","021308","ANCASH","MARISCAL LUZURIAGA","MUSGA",NULL,NULL,NULL
"189","021401","ANCASH","OCROS","OCROS",NULL,NULL,NULL
"190","021402","ANCASH","OCROS","ACAS",NULL,NULL,NULL
"191","021403","ANCASH","OCROS","CAJAMARQUILLA",NULL,NULL,NULL
"192","021404","ANCASH","OCROS","CARHUAPAMPA",NULL,NULL,NULL
"193","021405","ANCASH","OCROS","COCHAS",NULL,NULL,NULL
"194","021406","ANCASH","OCROS","CONGAS",NULL,NULL,NULL
"195","021407","ANCASH","OCROS","LLIPA",NULL,NULL,NULL
"196","021408","ANCASH","OCROS","SAN CRISTOBAL DE RAJAN",NULL,NULL,NULL
"197","021409","ANCASH","OCROS","SAN PEDRO",NULL,NULL,NULL
"198","021410","ANCASH","OCROS","SANTIAGO DE CHILCAS",NULL,NULL,NULL
"199","021501","ANCASH","PALLASCA","CABANA",NULL,NULL,NULL
"200","021502","ANCASH","PALLASCA","BOLOGNESI",NULL,NULL,NULL
"201","021503","ANCASH","PALLASCA","CONCHUCOS",NULL,NULL,NULL
"202","021504","ANCASH","PALLASCA","HUACASCHUQUE",NULL,NULL,NULL
"203","021505","ANCASH","PALLASCA","HUANDOVAL",NULL,NULL,NULL
"204","021506","ANCASH","PALLASCA","LACABAMBA",NULL,NULL,NULL
"205","021507","ANCASH","PALLASCA","LLAPO",NULL,NULL,NULL
"206","021508","ANCASH","PALLASCA","PALLASCA",NULL,NULL,NULL
"207","021509","ANCASH","PALLASCA","PAMPAS",NULL,NULL,NULL
"208","021510","ANCASH","PALLASCA","SANTA ROSA",NULL,NULL,NULL
"209","021511","ANCASH","PALLASCA","TAUCA",NULL,NULL,NULL
"210","021601","ANCASH","POMABAMBA","POMABAMBA",NULL,NULL,NULL
"211","021602","ANCASH","POMABAMBA","HUAYLLAN",NULL,NULL,NULL
"212","021603","ANCASH","POMABAMBA","PAROBAMBA",NULL,NULL,NULL
"213","021604","ANCASH","POMABAMBA","QUINUABAMBA",NULL,NULL,NULL
"214","021701","ANCASH","RECUAY","RECUAY",NULL,NULL,NULL
"215","021702","ANCASH","RECUAY","CATAC",NULL,NULL,NULL
"216","021703","ANCASH","RECUAY","COTAPARACO",NULL,NULL,NULL
"217","021704","ANCASH","RECUAY","HUAYLLAPAMPA",NULL,NULL,NULL
"218","021705","ANCASH","RECUAY","LLACLLIN",NULL,NULL,NULL
"219","021706","ANCASH","RECUAY","MARCA",NULL,NULL,NULL
"220","021707","ANCASH","RECUAY","PAMPAS CHICO",NULL,NULL,NULL
"221","021708","ANCASH","RECUAY","PARARIN",NULL,NULL,NULL
"222","021709","ANCASH","RECUAY","TAPACOCHA",NULL,NULL,NULL
"223","021710","ANCASH","RECUAY","TICAPAMPA",NULL,NULL,NULL
"224","021801","ANCASH","SANTA","CHIMBOTE",NULL,NULL,NULL
"225","021802","ANCASH","SANTA","CACERES DEL PERU",NULL,NULL,NULL
"226","021803","ANCASH","SANTA","COISHCO",NULL,NULL,NULL
"227","021804","ANCASH","SANTA","MACATE",NULL,NULL,NULL
"228","021805","ANCASH","SANTA","MORO",NULL,NULL,NULL
"229","021806","ANCASH","SANTA","NEPEÑA",NULL,NULL,NULL
"230","021807","ANCASH","SANTA","SAMANCO",NULL,NULL,NULL
"231","021808","ANCASH","SANTA","SANTA",NULL,NULL,NULL
"232","021809","ANCASH","SANTA","NUEVO CHIMBOTE",NULL,NULL,NULL
"233","021901","ANCASH","SIHUAS","SIHUAS",NULL,NULL,NULL
"234","021902","ANCASH","SIHUAS","ACOBAMBA",NULL,NULL,NULL
"235","021903","ANCASH","SIHUAS","ALFONSO UGARTE",NULL,NULL,NULL
"236","021904","ANCASH","SIHUAS","CASHAPAMPA",NULL,NULL,NULL
"237","021905","ANCASH","SIHUAS","CHINGALPO",NULL,NULL,NULL
"238","021906","ANCASH","SIHUAS","HUAYLLABAMBA",NULL,NULL,NULL
"239","021907","ANCASH","SIHUAS","QUICHES",NULL,NULL,NULL
"240","021908","ANCASH","SIHUAS","RAGASH",NULL,NULL,NULL
"241","021909","ANCASH","SIHUAS","SAN JUAN",NULL,NULL,NULL
"242","021910","ANCASH","SIHUAS","SICSIBAMBA",NULL,NULL,NULL
"243","022001","ANCASH","YUNGAY","YUNGAY",NULL,NULL,NULL
"244","022002","ANCASH","YUNGAY","CASCAPARA",NULL,NULL,NULL
"245","022003","ANCASH","YUNGAY","MANCOS",NULL,NULL,NULL
"246","022004","ANCASH","YUNGAY","MATACOTO",NULL,NULL,NULL
"247","022005","ANCASH","YUNGAY","QUILLO",NULL,NULL,NULL
"248","022006","ANCASH","YUNGAY","RANRAHIRCA",NULL,NULL,NULL
"249","022007","ANCASH","YUNGAY","SHUPLUY",NULL,NULL,NULL
"250","022008","ANCASH","YUNGAY","YANAMA",NULL,NULL,NULL
"251","030101","APURIMAC","ABANCAY","ABANCAY",NULL,NULL,NULL
"252","030102","APURIMAC","ABANCAY","CHACOCHE",NULL,NULL,NULL
"253","030103","APURIMAC","ABANCAY","CIRCA",NULL,NULL,NULL
"254","030104","APURIMAC","ABANCAY","CURAHUASI",NULL,NULL,NULL
"255","030105","APURIMAC","ABANCAY","HUANIPACA",NULL,NULL,NULL
"256","030106","APURIMAC","ABANCAY","LAMBRAMA",NULL,NULL,NULL
"257","030107","APURIMAC","ABANCAY","PICHIRHUA",NULL,NULL,NULL
"258","030108","APURIMAC","ABANCAY","SAN PEDRO DE CACHORA",NULL,NULL,NULL
"259","030109","APURIMAC","ABANCAY","TAMBURCO",NULL,NULL,NULL
"260","030201","APURIMAC","ANDAHUAYLAS","ANDAHUAYLAS",NULL,NULL,NULL
"261","030202","APURIMAC","ANDAHUAYLAS","ANDARAPA",NULL,NULL,NULL
"262","030203","APURIMAC","ANDAHUAYLAS","CHIARA",NULL,NULL,NULL
"263","030204","APURIMAC","ANDAHUAYLAS","HUANCARAMA",NULL,NULL,NULL
"264","030205","APURIMAC","ANDAHUAYLAS","HUANCARAY",NULL,NULL,NULL
"265","030206","APURIMAC","ANDAHUAYLAS","HUAYANA",NULL,NULL,NULL
"266","030207","APURIMAC","ANDAHUAYLAS","KISHUARA",NULL,NULL,NULL
"267","030208","APURIMAC","ANDAHUAYLAS","PACOBAMBA",NULL,NULL,NULL
"268","030209","APURIMAC","ANDAHUAYLAS","PACUCHA",NULL,NULL,NULL
"269","030210","APURIMAC","ANDAHUAYLAS","PAMPACHIRI",NULL,NULL,NULL
"270","030211","APURIMAC","ANDAHUAYLAS","POMACOCHA",NULL,NULL,NULL
"271","030212","APURIMAC","ANDAHUAYLAS","SAN ANTONIO DE CACHI",NULL,NULL,NULL
"272","030213","APURIMAC","ANDAHUAYLAS","SAN JERONIMO",NULL,NULL,NULL
"273","030214","APURIMAC","ANDAHUAYLAS","SAN MIGUEL DE CHACCRAMPA",NULL,NULL,NULL
"274","030215","APURIMAC","ANDAHUAYLAS","SANTA MARIA DE CHICMO",NULL,NULL,NULL
"275","030216","APURIMAC","ANDAHUAYLAS","TALAVERA",NULL,NULL,NULL
"276","030217","APURIMAC","ANDAHUAYLAS","TUMAY HUARACA",NULL,NULL,NULL
"277","030218","APURIMAC","ANDAHUAYLAS","TURPO",NULL,NULL,NULL
"278","030219","APURIMAC","ANDAHUAYLAS","KAQUIABAMBA",NULL,NULL,NULL
"279","030220","APURIMAC","ANDAHUAYLAS","JOSE MARIA ARGUEDAS",NULL,NULL,NULL
"280","030301","APURIMAC","ANTABAMBA","ANTABAMBA",NULL,NULL,NULL
"281","030302","APURIMAC","ANTABAMBA","EL ORO",NULL,NULL,NULL
"282","030303","APURIMAC","ANTABAMBA","HUAQUIRCA",NULL,NULL,NULL
"283","030304","APURIMAC","ANTABAMBA","JUAN ESPINOZA MEDRANO",NULL,NULL,NULL
"284","030305","APURIMAC","ANTABAMBA","OROPESA",NULL,NULL,NULL
"285","030306","APURIMAC","ANTABAMBA","PACHACONAS",NULL,NULL,NULL
"286","030307","APURIMAC","ANTABAMBA","SABAINO",NULL,NULL,NULL
"287","030401","APURIMAC","AYMARAES","CHALHUANCA",NULL,NULL,NULL
"288","030402","APURIMAC","AYMARAES","CAPAYA",NULL,NULL,NULL
"289","030403","APURIMAC","AYMARAES","CARAYBAMBA",NULL,NULL,NULL
"290","030404","APURIMAC","AYMARAES","CHAPIMARCA",NULL,NULL,NULL
"291","030405","APURIMAC","AYMARAES","COLCABAMBA",NULL,NULL,NULL
"292","030406","APURIMAC","AYMARAES","COTARUSE",NULL,NULL,NULL
"293","030407","APURIMAC","AYMARAES","IHUAYLLO",NULL,NULL,NULL
"294","030408","APURIMAC","AYMARAES","JUSTO APU SAHUARAURA",NULL,NULL,NULL
"295","030409","APURIMAC","AYMARAES","LUCRE",NULL,NULL,NULL
"296","030410","APURIMAC","AYMARAES","POCOHUANCA",NULL,NULL,NULL
"297","030411","APURIMAC","AYMARAES","SAN JUAN DE CHACÑA",NULL,NULL,NULL
"298","030412","APURIMAC","AYMARAES","SAÑAYCA",NULL,NULL,NULL
"299","030413","APURIMAC","AYMARAES","SORAYA",NULL,NULL,NULL
"300","030414","APURIMAC","AYMARAES","TAPAIRIHUA",NULL,NULL,NULL
"301","030415","APURIMAC","AYMARAES","TINTAY",NULL,NULL,NULL
"302","030416","APURIMAC","AYMARAES","TORAYA",NULL,NULL,NULL
"303","030417","APURIMAC","AYMARAES","YANACA",NULL,NULL,NULL
"304","030501","APURIMAC","COTABAMBAS","TAMBOBAMBA",NULL,NULL,NULL
"305","030502","APURIMAC","COTABAMBAS","COTABAMBAS",NULL,NULL,NULL
"306","030503","APURIMAC","COTABAMBAS","COYLLURQUI",NULL,NULL,NULL
"307","030504","APURIMAC","COTABAMBAS","HAQUIRA",NULL,NULL,NULL
"308","030505","APURIMAC","COTABAMBAS","MARA",NULL,NULL,NULL
"309","030506","APURIMAC","COTABAMBAS","CHALLHUAHUACHO",NULL,NULL,NULL
"310","030601","APURIMAC","CHINCHEROS","CHINCHEROS",NULL,NULL,NULL
"311","030602","APURIMAC","CHINCHEROS","ANCO_HUALLO",NULL,NULL,NULL
"312","030603","APURIMAC","CHINCHEROS","COCHARCAS",NULL,NULL,NULL
"313","030604","APURIMAC","CHINCHEROS","HUACCANA",NULL,NULL,NULL
"314","030605","APURIMAC","CHINCHEROS","OCOBAMBA",NULL,NULL,NULL
"315","030606","APURIMAC","CHINCHEROS","ONGOY",NULL,NULL,NULL
"316","030607","APURIMAC","CHINCHEROS","URANMARCA",NULL,NULL,NULL
"317","030608","APURIMAC","CHINCHEROS","RANRACANCHA",NULL,NULL,NULL
"318","030609","APURIMAC","CHINCHEROS","ROCCHACC",NULL,NULL,NULL
"319","030610","APURIMAC","CHINCHEROS","EL PORVENIR",NULL,NULL,NULL
"320","030611","APURIMAC","CHINCHEROS","LOS CHANKAS",NULL,NULL,NULL
"321","030612","APURIMAC","CHINCHEROS","AHUAYRO",NULL,NULL,NULL
"322","030701","APURIMAC","GRAU","CHUQUIBAMBILLA",NULL,NULL,NULL
"323","030702","APURIMAC","GRAU","CURPAHUASI",NULL,NULL,NULL
"324","030703","APURIMAC","GRAU","GAMARRA",NULL,NULL,NULL
"325","030704","APURIMAC","GRAU","HUAYLLATI",NULL,NULL,NULL
"326","030705","APURIMAC","GRAU","MAMARA",NULL,NULL,NULL
"327","030706","APURIMAC","GRAU","MICAELA BASTIDAS",NULL,NULL,NULL
"328","030707","APURIMAC","GRAU","PATAYPAMPA",NULL,NULL,NULL
"329","030708","APURIMAC","GRAU","PROGRESO",NULL,NULL,NULL
"330","030709","APURIMAC","GRAU","SAN ANTONIO",NULL,NULL,NULL
"331","030710","APURIMAC","GRAU","SANTA ROSA",NULL,NULL,NULL
"332","030711","APURIMAC","GRAU","TURPAY",NULL,NULL,NULL
"333","030712","APURIMAC","GRAU","VILCABAMBA",NULL,NULL,NULL
"334","030713","APURIMAC","GRAU","VIRUNDO",NULL,NULL,NULL
"335","030714","APURIMAC","GRAU","CURASCO",NULL,NULL,NULL
"336","040101","AREQUIPA","AREQUIPA","AREQUIPA",NULL,NULL,NULL
"337","040102","AREQUIPA","AREQUIPA","ALTO SELVA ALEGRE",NULL,NULL,NULL
"338","040103","AREQUIPA","AREQUIPA","CAYMA",NULL,NULL,NULL
"339","040104","AREQUIPA","AREQUIPA","CERRO COLORADO",NULL,NULL,NULL
"340","040105","AREQUIPA","AREQUIPA","CHARACATO",NULL,NULL,NULL
"341","040106","AREQUIPA","AREQUIPA","CHIGUATA",NULL,NULL,NULL
"342","040107","AREQUIPA","AREQUIPA","JACOBO HUNTER",NULL,NULL,NULL
"343","040108","AREQUIPA","AREQUIPA","LA JOYA",NULL,NULL,NULL
"344","040109","AREQUIPA","AREQUIPA","MARIANO MELGAR",NULL,NULL,NULL
"345","040110","AREQUIPA","AREQUIPA","MIRAFLORES",NULL,NULL,NULL
"346","040111","AREQUIPA","AREQUIPA","MOLLEBAYA",NULL,NULL,NULL
"347","040112","AREQUIPA","AREQUIPA","PAUCARPATA",NULL,NULL,NULL
"348","040113","AREQUIPA","AREQUIPA","POCSI",NULL,NULL,NULL
"349","040114","AREQUIPA","AREQUIPA","POLOBAYA",NULL,NULL,NULL
"350","040115","AREQUIPA","AREQUIPA","QUEQUEÑA",NULL,NULL,NULL
"351","040116","AREQUIPA","AREQUIPA","SABANDIA",NULL,NULL,NULL
"352","040117","AREQUIPA","AREQUIPA","SACHACA",NULL,NULL,NULL
"353","040118","AREQUIPA","AREQUIPA","SAN JUAN DE SIGUAS",NULL,NULL,NULL
"354","040119","AREQUIPA","AREQUIPA","SAN JUAN DE TARUCANI",NULL,NULL,NULL
"355","040120","AREQUIPA","AREQUIPA","SANTA ISABEL DE SIGUAS",NULL,NULL,NULL
"356","040121","AREQUIPA","AREQUIPA","SANTA RITA DE SIGUAS",NULL,NULL,NULL
"357","040122","AREQUIPA","AREQUIPA","SOCABAYA",NULL,NULL,NULL
"358","040123","AREQUIPA","AREQUIPA","TIABAYA",NULL,NULL,NULL
"359","040124","AREQUIPA","AREQUIPA","UCHUMAYO",NULL,NULL,NULL
"360","040125","AREQUIPA","AREQUIPA","VITOR",NULL,NULL,NULL
"361","040126","AREQUIPA","AREQUIPA","YANAHUARA",NULL,NULL,NULL
"362","040127","AREQUIPA","AREQUIPA","YARABAMBA",NULL,NULL,NULL
"363","040128","AREQUIPA","AREQUIPA","YURA",NULL,NULL,NULL
"364","040129","AREQUIPA","AREQUIPA","JOSE LUIS BUSTAMANTE Y RIVERO",NULL,NULL,NULL
"365","040201","AREQUIPA","CAMANA","CAMANA",NULL,NULL,NULL
"366","040202","AREQUIPA","CAMANA","JOSE MARIA QUIMPER",NULL,NULL,NULL
"367","040203","AREQUIPA","CAMANA","MARIANO NICOLAS VALCARCEL",NULL,NULL,NULL
"368","040204","AREQUIPA","CAMANA","MARISCAL CACERES",NULL,NULL,NULL
"369","040205","AREQUIPA","CAMANA","NICOLAS DE PIEROLA",NULL,NULL,NULL
"370","040206","AREQUIPA","CAMANA","OCOÑA",NULL,NULL,NULL
"371","040207","AREQUIPA","CAMANA","QUILCA",NULL,NULL,NULL
"372","040208","AREQUIPA","CAMANA","SAMUEL PASTOR",NULL,NULL,NULL
"373","040301","AREQUIPA","CARAVELI","CARAVELI",NULL,NULL,NULL
"374","040302","AREQUIPA","CARAVELI","ACARI",NULL,NULL,NULL
"375","040303","AREQUIPA","CARAVELI","ATICO",NULL,NULL,NULL
"376","040304","AREQUIPA","CARAVELI","ATIQUIPA",NULL,NULL,NULL
"377","040305","AREQUIPA","CARAVELI","BELLA UNION",NULL,NULL,NULL
"378","040306","AREQUIPA","CARAVELI","CAHUACHO",NULL,NULL,NULL
"379","040307","AREQUIPA","CARAVELI","CHALA",NULL,NULL,NULL
"380","040308","AREQUIPA","CARAVELI","CHAPARRA",NULL,NULL,NULL
"381","040309","AREQUIPA","CARAVELI","HUANUHUANU",NULL,NULL,NULL
"382","040310","AREQUIPA","CARAVELI","JAQUI",NULL,NULL,NULL
"383","040311","AREQUIPA","CARAVELI","LOMAS",NULL,NULL,NULL
"384","040312","AREQUIPA","CARAVELI","QUICACHA",NULL,NULL,NULL
"385","040313","AREQUIPA","CARAVELI","YAUCA",NULL,NULL,NULL
"386","040401","AREQUIPA","CASTILLA","APLAO",NULL,NULL,NULL
"387","040402","AREQUIPA","CASTILLA","ANDAGUA",NULL,NULL,NULL
"388","040403","AREQUIPA","CASTILLA","AYO",NULL,NULL,NULL
"389","040404","AREQUIPA","CASTILLA","CHACHAS",NULL,NULL,NULL
"390","040405","AREQUIPA","CASTILLA","CHILCAYMARCA",NULL,NULL,NULL
"391","040406","AREQUIPA","CASTILLA","CHOCO",NULL,NULL,NULL
"392","040407","AREQUIPA","CASTILLA","HUANCARQUI",NULL,NULL,NULL
"393","040408","AREQUIPA","CASTILLA","MACHAGUAY",NULL,NULL,NULL
"394","040409","AREQUIPA","CASTILLA","ORCOPAMPA",NULL,NULL,NULL
"395","040410","AREQUIPA","CASTILLA","PAMPACOLCA",NULL,NULL,NULL
"396","040411","AREQUIPA","CASTILLA","TIPAN",NULL,NULL,NULL
"397","040412","AREQUIPA","CASTILLA","UÑON",NULL,NULL,NULL
"398","040413","AREQUIPA","CASTILLA","URACA",NULL,NULL,NULL
"399","040414","AREQUIPA","CASTILLA","VIRACO",NULL,NULL,NULL
"400","040501","AREQUIPA","CAYLLOMA","CHIVAY",NULL,NULL,NULL
"401","040502","AREQUIPA","CAYLLOMA","ACHOMA",NULL,NULL,NULL
"402","040503","AREQUIPA","CAYLLOMA","CABANACONDE",NULL,NULL,NULL
"403","040504","AREQUIPA","CAYLLOMA","CALLALLI",NULL,NULL,NULL
"404","040505","AREQUIPA","CAYLLOMA","CAYLLOMA",NULL,NULL,NULL
"405","040506","AREQUIPA","CAYLLOMA","COPORAQUE",NULL,NULL,NULL
"406","040507","AREQUIPA","CAYLLOMA","HUAMBO",NULL,NULL,NULL
"407","040508","AREQUIPA","CAYLLOMA","HUANCA",NULL,NULL,NULL
"408","040509","AREQUIPA","CAYLLOMA","ICHUPAMPA",NULL,NULL,NULL
"409","040510","AREQUIPA","CAYLLOMA","LARI",NULL,NULL,NULL
"410","040511","AREQUIPA","CAYLLOMA","LLUTA",NULL,NULL,NULL
"411","040512","AREQUIPA","CAYLLOMA","MACA",NULL,NULL,NULL
"412","040513","AREQUIPA","CAYLLOMA","MADRIGAL",NULL,NULL,NULL
"413","040514","AREQUIPA","CAYLLOMA","SAN ANTONIO DE CHUCA",NULL,NULL,NULL
"414","040515","AREQUIPA","CAYLLOMA","SIBAYO",NULL,NULL,NULL
"415","040516","AREQUIPA","CAYLLOMA","TAPAY",NULL,NULL,NULL
"416","040517","AREQUIPA","CAYLLOMA","TISCO",NULL,NULL,NULL
"417","040518","AREQUIPA","CAYLLOMA","TUTI",NULL,NULL,NULL
"418","040519","AREQUIPA","CAYLLOMA","YANQUE",NULL,NULL,NULL
"419","040520","AREQUIPA","CAYLLOMA","MAJES",NULL,NULL,NULL
"420","040601","AREQUIPA","CONDESUYOS","CHUQUIBAMBA",NULL,NULL,NULL
"421","040602","AREQUIPA","CONDESUYOS","ANDARAY",NULL,NULL,NULL
"422","040603","AREQUIPA","CONDESUYOS","CAYARANI",NULL,NULL,NULL
"423","040604","AREQUIPA","CONDESUYOS","CHICHAS",NULL,NULL,NULL
"424","040605","AREQUIPA","CONDESUYOS","IRAY",NULL,NULL,NULL
"425","040606","AREQUIPA","CONDESUYOS","RIO GRANDE",NULL,NULL,NULL
"426","040607","AREQUIPA","CONDESUYOS","SALAMANCA",NULL,NULL,NULL
"427","040608","AREQUIPA","CONDESUYOS","YANAQUIHUA",NULL,NULL,NULL
"428","040701","AREQUIPA","ISLAY","MOLLENDO",NULL,NULL,NULL
"429","040702","AREQUIPA","ISLAY","COCACHACRA",NULL,NULL,NULL
"430","040703","AREQUIPA","ISLAY","DEAN VALDIVIA",NULL,NULL,NULL
"431","040704","AREQUIPA","ISLAY","ISLAY",NULL,NULL,NULL
"432","040705","AREQUIPA","ISLAY","MEJIA",NULL,NULL,NULL
"433","040706","AREQUIPA","ISLAY","PUNTA DE BOMBON",NULL,NULL,NULL
"434","040801","AREQUIPA","LA UNION","COTAHUASI",NULL,NULL,NULL
"435","040802","AREQUIPA","LA UNION","ALCA",NULL,NULL,NULL
"436","040803","AREQUIPA","LA UNION","CHARCANA",NULL,NULL,NULL
"437","040804","AREQUIPA","LA UNION","HUAYNACOTAS",NULL,NULL,NULL
"438","040805","AREQUIPA","LA UNION","PAMPAMARCA",NULL,NULL,NULL
"439","040806","AREQUIPA","LA UNION","PUYCA",NULL,NULL,NULL
"440","040807","AREQUIPA","LA UNION","QUECHUALLA",NULL,NULL,NULL
"441","040808","AREQUIPA","LA UNION","SAYLA",NULL,NULL,NULL
"442","040809","AREQUIPA","LA UNION","TAURIA",NULL,NULL,NULL
"443","040810","AREQUIPA","LA UNION","TOMEPAMPA",NULL,NULL,NULL
"444","040811","AREQUIPA","LA UNION","TORO",NULL,NULL,NULL
"445","050101","AYACUCHO","HUAMANGA","AYACUCHO",NULL,NULL,NULL
"446","050102","AYACUCHO","HUAMANGA","ACOCRO",NULL,NULL,NULL
"447","050103","AYACUCHO","HUAMANGA","ACOS VINCHOS",NULL,NULL,NULL
"448","050104","AYACUCHO","HUAMANGA","CARMEN ALTO",NULL,NULL,NULL
"449","050105","AYACUCHO","HUAMANGA","CHIARA",NULL,NULL,NULL
"450","050106","AYACUCHO","HUAMANGA","OCROS",NULL,NULL,NULL
"451","050107","AYACUCHO","HUAMANGA","PACAYCASA",NULL,NULL,NULL
"452","050108","AYACUCHO","HUAMANGA","QUINUA",NULL,NULL,NULL
"453","050109","AYACUCHO","HUAMANGA","SAN JOSE DE TICLLAS",NULL,NULL,NULL
"454","050110","AYACUCHO","HUAMANGA","SAN JUAN BAUTISTA",NULL,NULL,NULL
"455","050111","AYACUCHO","HUAMANGA","SANTIAGO DE PISCHA",NULL,NULL,NULL
"456","050112","AYACUCHO","HUAMANGA","SOCOS",NULL,NULL,NULL
"457","050113","AYACUCHO","HUAMANGA","TAMBILLO",NULL,NULL,NULL
"458","050114","AYACUCHO","HUAMANGA","VINCHOS",NULL,NULL,NULL
"459","050115","AYACUCHO","HUAMANGA","JESUS NAZARENO",NULL,NULL,NULL
"460","050116","AYACUCHO","HUAMANGA","ANDRES AVELINO CACERES DORREGARAY",NULL,NULL,NULL
"461","050201","AYACUCHO","CANGALLO","CANGALLO",NULL,NULL,NULL
"462","050202","AYACUCHO","CANGALLO","CHUSCHI",NULL,NULL,NULL
"463","050203","AYACUCHO","CANGALLO","LOS MOROCHUCOS",NULL,NULL,NULL
"464","050204","AYACUCHO","CANGALLO","MARIA PARADO DE BELLIDO",NULL,NULL,NULL
"465","050205","AYACUCHO","CANGALLO","PARAS",NULL,NULL,NULL
"466","050206","AYACUCHO","CANGALLO","TOTOS",NULL,NULL,NULL
"467","050301","AYACUCHO","HUANCA SANCOS","SANCOS",NULL,NULL,NULL
"468","050302","AYACUCHO","HUANCA SANCOS","CARAPO",NULL,NULL,NULL
"469","050303","AYACUCHO","HUANCA SANCOS","SACSAMARCA",NULL,NULL,NULL
"470","050304","AYACUCHO","HUANCA SANCOS","SANTIAGO DE LUCANAMARCA",NULL,NULL,NULL
"471","050401","AYACUCHO","HUANTA","HUANTA",NULL,NULL,NULL
"472","050402","AYACUCHO","HUANTA","AYAHUANCO",NULL,NULL,NULL
"473","050403","AYACUCHO","HUANTA","HUAMANGUILLA",NULL,NULL,NULL
"474","050404","AYACUCHO","HUANTA","IGUAIN",NULL,NULL,NULL
"475","050405","AYACUCHO","HUANTA","LURICOCHA",NULL,NULL,NULL
"476","050406","AYACUCHO","HUANTA","SANTILLANA",NULL,NULL,NULL
"477","050407","AYACUCHO","HUANTA","SIVIA",NULL,NULL,NULL
"478","050408","AYACUCHO","HUANTA","LLOCHEGUA",NULL,NULL,NULL
"479","050409","AYACUCHO","HUANTA","CANAYRE",NULL,NULL,NULL
"480","050410","AYACUCHO","HUANTA","UCHURACCAY",NULL,NULL,NULL
"481","050411","AYACUCHO","HUANTA","PUCACOLPA",NULL,NULL,NULL
"482","050412","AYACUCHO","HUANTA","CHACA",NULL,NULL,NULL
"483","050413","AYACUCHO","HUANTA","PUTIS",NULL,NULL,NULL
"484","050501","AYACUCHO","LA MAR","SAN MIGUEL",NULL,NULL,NULL
"485","050502","AYACUCHO","LA MAR","ANCO",NULL,NULL,NULL
"486","050503","AYACUCHO","LA MAR","AYNA",NULL,NULL,NULL
"487","050504","AYACUCHO","LA MAR","CHILCAS",NULL,NULL,NULL
"488","050505","AYACUCHO","LA MAR","CHUNGUI",NULL,NULL,NULL
"489","050506","AYACUCHO","LA MAR","LUIS CARRANZA",NULL,NULL,NULL
"490","050507","AYACUCHO","LA MAR","SANTA ROSA",NULL,NULL,NULL
"491","050508","AYACUCHO","LA MAR","TAMBO",NULL,NULL,NULL
"492","050509","AYACUCHO","LA MAR","SAMUGARI",NULL,NULL,NULL
"493","050510","AYACUCHO","LA MAR","ANCHIHUAY",NULL,NULL,NULL
"494","050511","AYACUCHO","LA MAR","ORONCCOY",NULL,NULL,NULL
"495","050512","AYACUCHO","LA MAR","UNION PROGRESO",NULL,NULL,NULL
"496","050513","AYACUCHO","LA MAR","RIO MAGDALENA",NULL,NULL,NULL
"497","050514","AYACUCHO","LA MAR","NINABAMBA",NULL,NULL,NULL
"498","050515","AYACUCHO","LA MAR","PATIBAMBA",NULL,NULL,NULL
"499","050601","AYACUCHO","LUCANAS","PUQUIO",NULL,NULL,NULL
"500","050602","AYACUCHO","LUCANAS","AUCARA",NULL,NULL,NULL
"501","050603","AYACUCHO","LUCANAS","CABANA",NULL,NULL,NULL
"502","050604","AYACUCHO","LUCANAS","CARMEN SALCEDO",NULL,NULL,NULL
"503","050605","AYACUCHO","LUCANAS","CHAVIÑA",NULL,NULL,NULL
"504","050606","AYACUCHO","LUCANAS","CHIPAO",NULL,NULL,NULL
"505","050607","AYACUCHO","LUCANAS","HUAC-HUAS",NULL,NULL,NULL
"506","050608","AYACUCHO","LUCANAS","LARAMATE",NULL,NULL,NULL
"507","050609","AYACUCHO","LUCANAS","LEONCIO PRADO",NULL,NULL,NULL
"508","050610","AYACUCHO","LUCANAS","LLAUTA",NULL,NULL,NULL
"509","050611","AYACUCHO","LUCANAS","LUCANAS",NULL,NULL,NULL
"510","050612","AYACUCHO","LUCANAS","OCAÑA",NULL,NULL,NULL
"511","050613","AYACUCHO","LUCANAS","OTOCA",NULL,NULL,NULL
"512","050614","AYACUCHO","LUCANAS","SAISA",NULL,NULL,NULL
"513","050615","AYACUCHO","LUCANAS","SAN CRISTOBAL",NULL,NULL,NULL
"514","050616","AYACUCHO","LUCANAS","SAN JUAN",NULL,NULL,NULL
"515","050617","AYACUCHO","LUCANAS","SAN PEDRO",NULL,NULL,NULL
"516","050618","AYACUCHO","LUCANAS","SAN PEDRO DE PALCO",NULL,NULL,NULL
"517","050619","AYACUCHO","LUCANAS","SANCOS",NULL,NULL,NULL
"518","050620","AYACUCHO","LUCANAS","SANTA ANA DE HUAYCAHUACHO",NULL,NULL,NULL
"519","050621","AYACUCHO","LUCANAS","SANTA LUCIA",NULL,NULL,NULL
"520","050701","AYACUCHO","PARINACOCHAS","CORACORA",NULL,NULL,NULL
"521","050702","AYACUCHO","PARINACOCHAS","CHUMPI",NULL,NULL,NULL
"522","050703","AYACUCHO","PARINACOCHAS","CORONEL CASTAÑEDA",NULL,NULL,NULL
"523","050704","AYACUCHO","PARINACOCHAS","PACAPAUSA",NULL,NULL,NULL
"524","050705","AYACUCHO","PARINACOCHAS","PULLO",NULL,NULL,NULL
"525","050706","AYACUCHO","PARINACOCHAS","PUYUSCA",NULL,NULL,NULL
"526","050707","AYACUCHO","PARINACOCHAS","SAN FRANCISCO DE RIVACAYCO",NULL,NULL,NULL
"527","050708","AYACUCHO","PARINACOCHAS","UPAHUACHO",NULL,NULL,NULL
"528","050801","AYACUCHO","PAUCAR DEL SARA SARA","PAUSA",NULL,NULL,NULL
"529","050802","AYACUCHO","PAUCAR DEL SARA SARA","COLTA",NULL,NULL,NULL
"530","050803","AYACUCHO","PAUCAR DEL SARA SARA","CORCULLA",NULL,NULL,NULL
"531","050804","AYACUCHO","PAUCAR DEL SARA SARA","LAMPA",NULL,NULL,NULL
"532","050805","AYACUCHO","PAUCAR DEL SARA SARA","MARCABAMBA",NULL,NULL,NULL
"533","050806","AYACUCHO","PAUCAR DEL SARA SARA","OYOLO",NULL,NULL,NULL
"534","050807","AYACUCHO","PAUCAR DEL SARA SARA","PARARCA",NULL,NULL,NULL
"535","050808","AYACUCHO","PAUCAR DEL SARA SARA","SAN JAVIER DE ALPABAMBA",NULL,NULL,NULL
"536","050809","AYACUCHO","PAUCAR DEL SARA SARA","SAN JOSE DE USHUA",NULL,NULL,NULL
"537","050810","AYACUCHO","PAUCAR DEL SARA SARA","SARA SARA",NULL,NULL,NULL
"538","050901","AYACUCHO","SUCRE","QUEROBAMBA",NULL,NULL,NULL
"539","050902","AYACUCHO","SUCRE","BELEN",NULL,NULL,NULL
"540","050903","AYACUCHO","SUCRE","CHALCOS",NULL,NULL,NULL
"541","050904","AYACUCHO","SUCRE","CHILCAYOC",NULL,NULL,NULL
"542","050905","AYACUCHO","SUCRE","HUACAÑA",NULL,NULL,NULL
"543","050906","AYACUCHO","SUCRE","MORCOLLA",NULL,NULL,NULL
"544","050907","AYACUCHO","SUCRE","PAICO",NULL,NULL,NULL
"545","050908","AYACUCHO","SUCRE","SAN PEDRO DE LARCAY",NULL,NULL,NULL
"546","050909","AYACUCHO","SUCRE","SAN SALVADOR DE QUIJE",NULL,NULL,NULL
"547","050910","AYACUCHO","SUCRE","SANTIAGO DE PAUCARAY",NULL,NULL,NULL
"548","050911","AYACUCHO","SUCRE","SORAS",NULL,NULL,NULL
"549","051001","AYACUCHO","VICTOR FAJARDO","HUANCAPI",NULL,NULL,NULL
"550","051002","AYACUCHO","VICTOR FAJARDO","ALCAMENCA",NULL,NULL,NULL
"551","051003","AYACUCHO","VICTOR FAJARDO","APONGO",NULL,NULL,NULL
"552","051004","AYACUCHO","VICTOR FAJARDO","ASQUIPATA",NULL,NULL,NULL
"553","051005","AYACUCHO","VICTOR FAJARDO","CANARIA",NULL,NULL,NULL
"554","051006","AYACUCHO","VICTOR FAJARDO","CAYARA",NULL,NULL,NULL
"555","051007","AYACUCHO","VICTOR FAJARDO","COLCA",NULL,NULL,NULL
"556","051008","AYACUCHO","VICTOR FAJARDO","HUAMANQUIQUIA",NULL,NULL,NULL
"557","051009","AYACUCHO","VICTOR FAJARDO","HUANCARAYLLA",NULL,NULL,NULL
"558","051010","AYACUCHO","VICTOR FAJARDO","HUALLA",NULL,NULL,NULL
"559","051011","AYACUCHO","VICTOR FAJARDO","SARHUA",NULL,NULL,NULL
"560","051012","AYACUCHO","VICTOR FAJARDO","VILCANCHOS",NULL,NULL,NULL
"561","051101","AYACUCHO","VILCAS HUAMAN","VILCAS HUAMAN",NULL,NULL,NULL
"562","051102","AYACUCHO","VILCAS HUAMAN","ACCOMARCA",NULL,NULL,NULL
"563","051103","AYACUCHO","VILCAS HUAMAN","CARHUANCA",NULL,NULL,NULL
"564","051104","AYACUCHO","VILCAS HUAMAN","CONCEPCION",NULL,NULL,NULL
"565","051105","AYACUCHO","VILCAS HUAMAN","HUAMBALPA",NULL,NULL,NULL
"566","051106","AYACUCHO","VILCAS HUAMAN","INDEPENDENCIA",NULL,NULL,NULL
"567","051107","AYACUCHO","VILCAS HUAMAN","SAURAMA",NULL,NULL,NULL
"568","051108","AYACUCHO","VILCAS HUAMAN","VISCHONGO",NULL,NULL,NULL
"569","060101","CAJAMARCA","CAJAMARCA","CAJAMARCA",NULL,NULL,NULL
"570","060102","CAJAMARCA","CAJAMARCA","ASUNCION",NULL,NULL,NULL
"571","060103","CAJAMARCA","CAJAMARCA","CHETILLA",NULL,NULL,NULL
"572","060104","CAJAMARCA","CAJAMARCA","COSPAN",NULL,NULL,NULL
"573","060105","CAJAMARCA","CAJAMARCA","ENCAÑADA",NULL,NULL,NULL
"574","060106","CAJAMARCA","CAJAMARCA","JESUS",NULL,NULL,NULL
"575","060107","CAJAMARCA","CAJAMARCA","LLACANORA",NULL,NULL,NULL
"576","060108","CAJAMARCA","CAJAMARCA","LOS BAÑOS DEL INCA",NULL,NULL,NULL
"577","060109","CAJAMARCA","CAJAMARCA","MAGDALENA",NULL,NULL,NULL
"578","060110","CAJAMARCA","CAJAMARCA","MATARA",NULL,NULL,NULL
"579","060111","CAJAMARCA","CAJAMARCA","NAMORA",NULL,NULL,NULL
"580","060112","CAJAMARCA","CAJAMARCA","SAN JUAN",NULL,NULL,NULL
"581","060201","CAJAMARCA","CAJABAMBA","CAJABAMBA",NULL,NULL,NULL
"582","060202","CAJAMARCA","CAJABAMBA","CACHACHI",NULL,NULL,NULL
"583","060203","CAJAMARCA","CAJABAMBA","CONDEBAMBA",NULL,NULL,NULL
"584","060204","CAJAMARCA","CAJABAMBA","SITACOCHA",NULL,NULL,NULL
"585","060301","CAJAMARCA","CELENDIN","CELENDIN",NULL,NULL,NULL
"586","060302","CAJAMARCA","CELENDIN","CHUMUCH",NULL,NULL,NULL
"587","060303","CAJAMARCA","CELENDIN","CORTEGANA",NULL,NULL,NULL
"588","060304","CAJAMARCA","CELENDIN","HUASMIN",NULL,NULL,NULL
"589","060305","CAJAMARCA","CELENDIN","JORGE CHAVEZ",NULL,NULL,NULL
"590","060306","CAJAMARCA","CELENDIN","JOSE GALVEZ",NULL,NULL,NULL
"591","060307","CAJAMARCA","CELENDIN","MIGUEL IGLESIAS",NULL,NULL,NULL
"592","060308","CAJAMARCA","CELENDIN","OXAMARCA",NULL,NULL,NULL
"593","060309","CAJAMARCA","CELENDIN","SOROCHUCO",NULL,NULL,NULL
"594","060310","CAJAMARCA","CELENDIN","SUCRE",NULL,NULL,NULL
"595","060311","CAJAMARCA","CELENDIN","UTCO",NULL,NULL,NULL
"596","060312","CAJAMARCA","CELENDIN","LA LIBERTAD DE PALLAN",NULL,NULL,NULL
"597","060401","CAJAMARCA","CHOTA","CHOTA",NULL,NULL,NULL
"598","060402","CAJAMARCA","CHOTA","ANGUIA",NULL,NULL,NULL
"599","060403","CAJAMARCA","CHOTA","CHADIN",NULL,NULL,NULL
"600","060404","CAJAMARCA","CHOTA","CHIGUIRIP",NULL,NULL,NULL
"601","060405","CAJAMARCA","CHOTA","CHIMBAN",NULL,NULL,NULL
"602","060406","CAJAMARCA","CHOTA","CHOROPAMPA",NULL,NULL,NULL
"603","060407","CAJAMARCA","CHOTA","COCHABAMBA",NULL,NULL,NULL
"604","060408","CAJAMARCA","CHOTA","CONCHAN",NULL,NULL,NULL
"605","060409","CAJAMARCA","CHOTA","HUAMBOS",NULL,NULL,NULL
"606","060410","CAJAMARCA","CHOTA","LAJAS",NULL,NULL,NULL
"607","060411","CAJAMARCA","CHOTA","LLAMA",NULL,NULL,NULL
"608","060412","CAJAMARCA","CHOTA","MIRACOSTA",NULL,NULL,NULL
"609","060413","CAJAMARCA","CHOTA","PACCHA",NULL,NULL,NULL
"610","060414","CAJAMARCA","CHOTA","PION",NULL,NULL,NULL
"611","060415","CAJAMARCA","CHOTA","QUEROCOTO",NULL,NULL,NULL
"612","060416","CAJAMARCA","CHOTA","SAN JUAN DE LICUPIS",NULL,NULL,NULL
"613","060417","CAJAMARCA","CHOTA","TACABAMBA",NULL,NULL,NULL
"614","060418","CAJAMARCA","CHOTA","TOCMOCHE",NULL,NULL,NULL
"615","060419","CAJAMARCA","CHOTA","CHALAMARCA",NULL,NULL,NULL
"616","060501","CAJAMARCA","CONTUMAZA","CONTUMAZA",NULL,NULL,NULL
"617","060502","CAJAMARCA","CONTUMAZA","CHILETE",NULL,NULL,NULL
"618","060503","CAJAMARCA","CONTUMAZA","CUPISNIQUE",NULL,NULL,NULL
"619","060504","CAJAMARCA","CONTUMAZA","GUZMANGO",NULL,NULL,NULL
"620","060505","CAJAMARCA","CONTUMAZA","SAN BENITO",NULL,NULL,NULL
"621","060506","CAJAMARCA","CONTUMAZA","SANTA CRUZ DE TOLED",NULL,NULL,NULL
"622","060507","CAJAMARCA","CONTUMAZA","TANTARICA",NULL,NULL,NULL
"623","060508","CAJAMARCA","CONTUMAZA","YONAN",NULL,NULL,NULL
"624","060601","CAJAMARCA","CUTERVO","CUTERVO",NULL,NULL,NULL
"625","060602","CAJAMARCA","CUTERVO","CALLAYUC",NULL,NULL,NULL
"626","060603","CAJAMARCA","CUTERVO","CHOROS",NULL,NULL,NULL
"627","060604","CAJAMARCA","CUTERVO","CUJILLO",NULL,NULL,NULL
"628","060605","CAJAMARCA","CUTERVO","LA RAMADA",NULL,NULL,NULL
"629","060606","CAJAMARCA","CUTERVO","PIMPINGOS",NULL,NULL,NULL
"630","060607","CAJAMARCA","CUTERVO","QUEROCOTILLO",NULL,NULL,NULL
"631","060608","CAJAMARCA","CUTERVO","SAN ANDRES DE CUTERVO",NULL,NULL,NULL
"632","060609","CAJAMARCA","CUTERVO","SAN JUAN DE CUTERVO",NULL,NULL,NULL
"633","060610","CAJAMARCA","CUTERVO","SAN LUIS DE LUCMA",NULL,NULL,NULL
"634","060611","CAJAMARCA","CUTERVO","SANTA CRUZ",NULL,NULL,NULL
"635","060612","CAJAMARCA","CUTERVO","SANTO DOMINGO DE LA CAPILLA",NULL,NULL,NULL
"636","060613","CAJAMARCA","CUTERVO","SANTO TOMAS",NULL,NULL,NULL
"637","060614","CAJAMARCA","CUTERVO","SOCOTA",NULL,NULL,NULL
"638","060615","CAJAMARCA","CUTERVO","TORIBIO CASANOVA",NULL,NULL,NULL
"639","060701","CAJAMARCA","HUALGAYOC","BAMBAMARCA",NULL,NULL,NULL
"640","060702","CAJAMARCA","HUALGAYOC","CHUGUR",NULL,NULL,NULL
"641","060703","CAJAMARCA","HUALGAYOC","HUALGAYOC",NULL,NULL,NULL
"642","060801","CAJAMARCA","JAEN","JAEN",NULL,NULL,NULL
"643","060802","CAJAMARCA","JAEN","BELLAVISTA",NULL,NULL,NULL
"644","060803","CAJAMARCA","JAEN","CHONTALI",NULL,NULL,NULL
"645","060804","CAJAMARCA","JAEN","COLASAY",NULL,NULL,NULL
"646","060805","CAJAMARCA","JAEN","HUABAL",NULL,NULL,NULL
"647","060806","CAJAMARCA","JAEN","LAS PIRIAS",NULL,NULL,NULL
"648","060807","CAJAMARCA","JAEN","POMAHUACA",NULL,NULL,NULL
"649","060808","CAJAMARCA","JAEN","PUCARA",NULL,NULL,NULL
"650","060809","CAJAMARCA","JAEN","SALLIQUE",NULL,NULL,NULL
"651","060810","CAJAMARCA","JAEN","SAN FELIPE",NULL,NULL,NULL
"652","060811","CAJAMARCA","JAEN","SAN JOSE DEL ALTO",NULL,NULL,NULL
"653","060812","CAJAMARCA","JAEN","SANTA ROSA",NULL,NULL,NULL
"654","060901","CAJAMARCA","SAN IGNACIO","SAN IGNACIO",NULL,NULL,NULL
"655","060902","CAJAMARCA","SAN IGNACIO","CHIRINOS",NULL,NULL,NULL
"656","060903","CAJAMARCA","SAN IGNACIO","HUARANGO",NULL,NULL,NULL
"657","060904","CAJAMARCA","SAN IGNACIO","LA COIPA",NULL,NULL,NULL
"658","060905","CAJAMARCA","SAN IGNACIO","NAMBALLE",NULL,NULL,NULL
"659","060906","CAJAMARCA","SAN IGNACIO","SAN JOSE DE LOURDES",NULL,NULL,NULL
"660","060907","CAJAMARCA","SAN IGNACIO","TABACONAS",NULL,NULL,NULL
"661","061001","CAJAMARCA","SAN MARCOS","PEDRO GALVEZ",NULL,NULL,NULL
"662","061002","CAJAMARCA","SAN MARCOS","CHANCAY",NULL,NULL,NULL
"663","061003","CAJAMARCA","SAN MARCOS","EDUARDO VILLANUEVA",NULL,NULL,NULL
"664","061004","CAJAMARCA","SAN MARCOS","GREGORIO PITA",NULL,NULL,NULL
"665","061005","CAJAMARCA","SAN MARCOS","ICHOCAN",NULL,NULL,NULL
"666","061006","CAJAMARCA","SAN MARCOS","JOSE MANUEL QUIROZ",NULL,NULL,NULL
"667","061007","CAJAMARCA","SAN MARCOS","JOSE SABOGAL",NULL,NULL,NULL
"668","061101","CAJAMARCA","SAN MIGUEL","SAN MIGUEL",NULL,NULL,NULL
"669","061102","CAJAMARCA","SAN MIGUEL","BOLIVAR",NULL,NULL,NULL
"670","061103","CAJAMARCA","SAN MIGUEL","CALQUIS",NULL,NULL,NULL
"671","061104","CAJAMARCA","SAN MIGUEL","CATILLUC",NULL,NULL,NULL
"672","061105","CAJAMARCA","SAN MIGUEL","EL PRADO",NULL,NULL,NULL
"673","061106","CAJAMARCA","SAN MIGUEL","LA FLORIDA",NULL,NULL,NULL
"674","061107","CAJAMARCA","SAN MIGUEL","LLAPA",NULL,NULL,NULL
"675","061108","CAJAMARCA","SAN MIGUEL","NANCHOC",NULL,NULL,NULL
"676","061109","CAJAMARCA","SAN MIGUEL","NIEPOS",NULL,NULL,NULL
"677","061110","CAJAMARCA","SAN MIGUEL","SAN GREGORIO",NULL,NULL,NULL
"678","061111","CAJAMARCA","SAN MIGUEL","SAN SILVESTRE DE COCHAN",NULL,NULL,NULL
"679","061112","CAJAMARCA","SAN MIGUEL","TONGOD",NULL,NULL,NULL
"680","061113","CAJAMARCA","SAN MIGUEL","UNION AGUA BLANCA",NULL,NULL,NULL
"681","061201","CAJAMARCA","SAN PABLO","SAN PABLO",NULL,NULL,NULL
"682","061202","CAJAMARCA","SAN PABLO","SAN BERNARDINO",NULL,NULL,NULL
"683","061203","CAJAMARCA","SAN PABLO","SAN LUIS",NULL,NULL,NULL
"684","061204","CAJAMARCA","SAN PABLO","TUMBADEN",NULL,NULL,NULL
"685","061301","CAJAMARCA","SANTA CRUZ","SANTA CRUZ",NULL,NULL,NULL
"686","061302","CAJAMARCA","SANTA CRUZ","ANDABAMBA",NULL,NULL,NULL
"687","061303","CAJAMARCA","SANTA CRUZ","CATACHE",NULL,NULL,NULL
"688","061304","CAJAMARCA","SANTA CRUZ","CHANCAYBAÑOS",NULL,NULL,NULL
"689","061305","CAJAMARCA","SANTA CRUZ","LA ESPERANZA",NULL,NULL,NULL
"690","061306","CAJAMARCA","SANTA CRUZ","NINABAMBA",NULL,NULL,NULL
"691","061307","CAJAMARCA","SANTA CRUZ","PULAN",NULL,NULL,NULL
"692","061308","CAJAMARCA","SANTA CRUZ","SAUCEPAMPA",NULL,NULL,NULL
"693","061309","CAJAMARCA","SANTA CRUZ","SEXI",NULL,NULL,NULL
"694","061310","CAJAMARCA","SANTA CRUZ","UTICYACU",NULL,NULL,NULL
"695","061311","CAJAMARCA","SANTA CRUZ","YAUYUCAN",NULL,NULL,NULL
"696","070101","CALLAO","CALLAO","CALLAO",NULL,NULL,NULL
"697","070102","CALLAO","CALLAO","BELLAVISTA",NULL,NULL,NULL
"698","070103","CALLAO","CALLAO","CARMEN DE LA LEGUA REYNOSO",NULL,NULL,NULL
"699","070104","CALLAO","CALLAO","LA PERLA",NULL,NULL,NULL
"700","070105","CALLAO","CALLAO","LA PUNTA",NULL,NULL,NULL
"701","070106","CALLAO","CALLAO","VENTANILLA",NULL,NULL,NULL
"702","070107","CALLAO","CALLAO","MI PERU",NULL,NULL,NULL
"703","080101","CUSCO","CUSCO","CUSCO",NULL,NULL,NULL
"704","080102","CUSCO","CUSCO","CCORCA",NULL,NULL,NULL
"705","080103","CUSCO","CUSCO","POROY",NULL,NULL,NULL
"706","080104","CUSCO","CUSCO","SAN JERONIMO",NULL,NULL,NULL
"707","080105","CUSCO","CUSCO","SAN SEBASTIAN",NULL,NULL,NULL
"708","080106","CUSCO","CUSCO","SANTIAGO",NULL,NULL,NULL
"709","080107","CUSCO","CUSCO","SAYLLA",NULL,NULL,NULL
"710","080108","CUSCO","CUSCO","WANCHAQ",NULL,NULL,NULL
"711","080201","CUSCO","ACOMAYO","ACOMAYO",NULL,NULL,NULL
"712","080202","CUSCO","ACOMAYO","ACOPIA",NULL,NULL,NULL
"713","080203","CUSCO","ACOMAYO","ACOS",NULL,NULL,NULL
"714","080204","CUSCO","ACOMAYO","MOSOC LLACTA",NULL,NULL,NULL
"715","080205","CUSCO","ACOMAYO","POMACANCHI",NULL,NULL,NULL
"716","080206","CUSCO","ACOMAYO","RONDOCAN",NULL,NULL,NULL
"717","080207","CUSCO","ACOMAYO","SANGARARA",NULL,NULL,NULL
"718","080301","CUSCO","ANTA","ANTA",NULL,NULL,NULL
"719","080302","CUSCO","ANTA","ANCAHUASI",NULL,NULL,NULL
"720","080303","CUSCO","ANTA","CACHIMAYO",NULL,NULL,NULL
"721","080304","CUSCO","ANTA","CHINCHAYPUJIO",NULL,NULL,NULL
"722","080305","CUSCO","ANTA","HUAROCONDO",NULL,NULL,NULL
"723","080306","CUSCO","ANTA","LIMATAMBO",NULL,NULL,NULL
"724","080307","CUSCO","ANTA","MOLLEPATA",NULL,NULL,NULL
"725","080308","CUSCO","ANTA","PUCYURA",NULL,NULL,NULL
"726","080309","CUSCO","ANTA","ZURITE",NULL,NULL,NULL
"727","080401","CUSCO","CALCA","CALCA",NULL,NULL,NULL
"728","080402","CUSCO","CALCA","COYA",NULL,NULL,NULL
"729","080403","CUSCO","CALCA","LAMAY",NULL,NULL,NULL
"730","080404","CUSCO","CALCA","LARES",NULL,NULL,NULL
"731","080405","CUSCO","CALCA","PISAC",NULL,NULL,NULL
"732","080406","CUSCO","CALCA","SAN SALVADOR",NULL,NULL,NULL
"733","080407","CUSCO","CALCA","TARAY",NULL,NULL,NULL
"734","080408","CUSCO","CALCA","YANATILE",NULL,NULL,NULL
"735","080501","CUSCO","CANAS","YANAOCA",NULL,NULL,NULL
"736","080502","CUSCO","CANAS","CHECCA",NULL,NULL,NULL
"737","080503","CUSCO","CANAS","KUNTURKANKI",NULL,NULL,NULL
"738","080504","CUSCO","CANAS","LANGUI",NULL,NULL,NULL
"739","080505","CUSCO","CANAS","LAYO",NULL,NULL,NULL
"740","080506","CUSCO","CANAS","PAMPAMARCA",NULL,NULL,NULL
"741","080507","CUSCO","CANAS","QUEHUE",NULL,NULL,NULL
"742","080508","CUSCO","CANAS","TUPAC AMARU",NULL,NULL,NULL
"743","080601","CUSCO","CANCHIS","SICUANI",NULL,NULL,NULL
"744","080602","CUSCO","CANCHIS","CHECACUPE",NULL,NULL,NULL
"745","080603","CUSCO","CANCHIS","COMBAPATA",NULL,NULL,NULL
"746","080604","CUSCO","CANCHIS","MARANGANI",NULL,NULL,NULL
"747","080605","CUSCO","CANCHIS","PITUMARCA",NULL,NULL,NULL
"748","080606","CUSCO","CANCHIS","SAN PABLO",NULL,NULL,NULL
"749","080607","CUSCO","CANCHIS","SAN PEDRO",NULL,NULL,NULL
"750","080608","CUSCO","CANCHIS","TINTA",NULL,NULL,NULL
"751","080701","CUSCO","CHUMBIVILCAS","SANTO TOMAS",NULL,NULL,NULL
"752","080702","CUSCO","CHUMBIVILCAS","CAPACMARCA",NULL,NULL,NULL
"753","080703","CUSCO","CHUMBIVILCAS","CHAMACA",NULL,NULL,NULL
"754","080704","CUSCO","CHUMBIVILCAS","COLQUEMARCA",NULL,NULL,NULL
"755","080705","CUSCO","CHUMBIVILCAS","LIVITACA",NULL,NULL,NULL
"756","080706","CUSCO","CHUMBIVILCAS","LLUSCO",NULL,NULL,NULL
"757","080707","CUSCO","CHUMBIVILCAS","QUIÑOTA",NULL,NULL,NULL
"758","080708","CUSCO","CHUMBIVILCAS","VELILLE",NULL,NULL,NULL
"759","080801","CUSCO","ESPINAR","ESPINAR",NULL,NULL,NULL
"760","080802","CUSCO","ESPINAR","CONDOROMA",NULL,NULL,NULL
"761","080803","CUSCO","ESPINAR","COPORAQUE",NULL,NULL,NULL
"762","080804","CUSCO","ESPINAR","OCORURO",NULL,NULL,NULL
"763","080805","CUSCO","ESPINAR","PALLPATA",NULL,NULL,NULL
"764","080806","CUSCO","ESPINAR","PICHIGUA",NULL,NULL,NULL
"765","080807","CUSCO","ESPINAR","SUYCKUTAMBO",NULL,NULL,NULL
"766","080808","CUSCO","ESPINAR","ALTO PICHIGUA",NULL,NULL,NULL
"767","080901","CUSCO","LA CONVENCION","SANTA ANA",NULL,NULL,NULL
"768","080902","CUSCO","LA CONVENCION","ECHARATE",NULL,NULL,NULL
"769","080903","CUSCO","LA CONVENCION","HUAYOPATA",NULL,NULL,NULL
"770","080904","CUSCO","LA CONVENCION","MARANURA",NULL,NULL,NULL
"771","080905","CUSCO","LA CONVENCION","OCOBAMBA",NULL,NULL,NULL
"772","080906","CUSCO","LA CONVENCION","QUELLOUNO",NULL,NULL,NULL
"773","080907","CUSCO","LA CONVENCION","KIMBIRI",NULL,NULL,NULL
"774","080908","CUSCO","LA CONVENCION","SANTA TERESA",NULL,NULL,NULL
"775","080909","CUSCO","LA CONVENCION","VILCABAMBA",NULL,NULL,NULL
"776","080910","CUSCO","LA CONVENCION","PICHARI",NULL,NULL,NULL
"777","080911","CUSCO","LA CONVENCION","INKAWASI",NULL,NULL,NULL
"778","080912","CUSCO","LA CONVENCION","VILLA VIRGEN",NULL,NULL,NULL
"779","080913","CUSCO","LA CONVENCION","VILLA KINTIARINA",NULL,NULL,NULL
"780","080914","CUSCO","LA CONVENCION","MEGANTONI",NULL,NULL,NULL
"781","080915","CUSCO","LA CONVENCION","KUMPIRUSHIATO",NULL,NULL,NULL
"782","080916","CUSCO","LA CONVENCION","CIELO PUNCO",NULL,NULL,NULL
"783","080917","CUSCO","LA CONVENCION","MANITEA",NULL,NULL,NULL
"784","080918","CUSCO","LA CONVENCION","UNION ASHANINKA",NULL,NULL,NULL
"785","081001","CUSCO","PARURO","PARURO",NULL,NULL,NULL
"786","081002","CUSCO","PARURO","ACCHA",NULL,NULL,NULL
"787","081003","CUSCO","PARURO","CCAPI",NULL,NULL,NULL
"788","081004","CUSCO","PARURO","COLCHA",NULL,NULL,NULL
"789","081005","CUSCO","PARURO","HUANOQUITE",NULL,NULL,NULL
"790","081006","CUSCO","PARURO","OMACHA",NULL,NULL,NULL
"791","081007","CUSCO","PARURO","PACCARITAMBO",NULL,NULL,NULL
"792","081008","CUSCO","PARURO","PILLPINTO",NULL,NULL,NULL
"793","081009","CUSCO","PARURO","YAURISQUE",NULL,NULL,NULL
"794","081101","CUSCO","PAUCARTAMBO","PAUCARTAMBO",NULL,NULL,NULL
"795","081102","CUSCO","PAUCARTAMBO","CAICAY",NULL,NULL,NULL
"796","081103","CUSCO","PAUCARTAMBO","CHALLABAMBA",NULL,NULL,NULL
"797","081104","CUSCO","PAUCARTAMBO","COLQUEPATA",NULL,NULL,NULL
"798","081105","CUSCO","PAUCARTAMBO","HUANCARANI",NULL,NULL,NULL
"799","081106","CUSCO","PAUCARTAMBO","KOSÑIPATA",NULL,NULL,NULL
"800","081201","CUSCO","QUISPICANCHI","URCOS",NULL,NULL,NULL
"801","081202","CUSCO","QUISPICANCHI","ANDAHUAYLILLAS",NULL,NULL,NULL
"802","081203","CUSCO","QUISPICANCHI","CAMANTI",NULL,NULL,NULL
"803","081204","CUSCO","QUISPICANCHI","CCARHUAYO",NULL,NULL,NULL
"804","081205","CUSCO","QUISPICANCHI","CCATCA",NULL,NULL,NULL
"805","081206","CUSCO","QUISPICANCHI","CUSIPATA",NULL,NULL,NULL
"806","081207","CUSCO","QUISPICANCHI","HUARO",NULL,NULL,NULL
"807","081208","CUSCO","QUISPICANCHI","LUCRE",NULL,NULL,NULL
"808","081209","CUSCO","QUISPICANCHI","MARCAPATA",NULL,NULL,NULL
"809","081210","CUSCO","QUISPICANCHI","OCONGATE",NULL,NULL,NULL
"810","081211","CUSCO","QUISPICANCHI","OROPESA",NULL,NULL,NULL
"811","081212","CUSCO","QUISPICANCHI","QUIQUIJANA",NULL,NULL,NULL
"812","081301","CUSCO","URUBAMBA","URUBAMBA",NULL,NULL,NULL
"813","081302","CUSCO","URUBAMBA","CHINCHERO",NULL,NULL,NULL
"814","081303","CUSCO","URUBAMBA","HUAYLLABAMBA",NULL,NULL,NULL
"815","081304","CUSCO","URUBAMBA","MACHUPICCHU",NULL,NULL,NULL
"816","081305","CUSCO","URUBAMBA","MARAS",NULL,NULL,NULL
"817","081306","CUSCO","URUBAMBA","OLLANTAYTAMBO",NULL,NULL,NULL
"818","081307","CUSCO","URUBAMBA","YUCAY",NULL,NULL,NULL
"819","090101","HUANCAVELICA","HUANCAVELICA","HUANCAVELICA",NULL,NULL,NULL
"820","090102","HUANCAVELICA","HUANCAVELICA","ACOBAMBILLA",NULL,NULL,NULL
"821","090103","HUANCAVELICA","HUANCAVELICA","ACORIA",NULL,NULL,NULL
"822","090104","HUANCAVELICA","HUANCAVELICA","CONAYCA",NULL,NULL,NULL
"823","090105","HUANCAVELICA","HUANCAVELICA","CUENCA",NULL,NULL,NULL
"824","090106","HUANCAVELICA","HUANCAVELICA","HUACHOCOLPA",NULL,NULL,NULL
"825","090107","HUANCAVELICA","HUANCAVELICA","HUAYLLAHUARA",NULL,NULL,NULL
"826","090108","HUANCAVELICA","HUANCAVELICA","IZCUCHACA",NULL,NULL,NULL
"827","090109","HUANCAVELICA","HUANCAVELICA","LARIA",NULL,NULL,NULL
"828","090110","HUANCAVELICA","HUANCAVELICA","MANTA",NULL,NULL,NULL
"829","090111","HUANCAVELICA","HUANCAVELICA","MARISCAL CACERES",NULL,NULL,NULL
"830","090112","HUANCAVELICA","HUANCAVELICA","MOYA",NULL,NULL,NULL
"831","090113","HUANCAVELICA","HUANCAVELICA","NUEVO OCCORO",NULL,NULL,NULL
"832","090114","HUANCAVELICA","HUANCAVELICA","PALCA",NULL,NULL,NULL
"833","090115","HUANCAVELICA","HUANCAVELICA","PILCHACA",NULL,NULL,NULL
"834","090116","HUANCAVELICA","HUANCAVELICA","VILCA",NULL,NULL,NULL
"835","090117","HUANCAVELICA","HUANCAVELICA","YAULI",NULL,NULL,NULL
"836","090118","HUANCAVELICA","HUANCAVELICA","ASCENSION",NULL,NULL,NULL
"837","090119","HUANCAVELICA","HUANCAVELICA","HUANDO",NULL,NULL,NULL
"838","090201","HUANCAVELICA","ACOBAMBA","ACOBAMBA",NULL,NULL,NULL
"839","090202","HUANCAVELICA","ACOBAMBA","ANDABAMBA",NULL,NULL,NULL
"840","090203","HUANCAVELICA","ACOBAMBA","ANTA",NULL,NULL,NULL
"841","090204","HUANCAVELICA","ACOBAMBA","CAJA",NULL,NULL,NULL
"842","090205","HUANCAVELICA","ACOBAMBA","MARCAS",NULL,NULL,NULL
"843","090206","HUANCAVELICA","ACOBAMBA","PAUCARA",NULL,NULL,NULL
"844","090207","HUANCAVELICA","ACOBAMBA","POMACOCHA",NULL,NULL,NULL
"845","090208","HUANCAVELICA","ACOBAMBA","ROSARIO",NULL,NULL,NULL
"846","090301","HUANCAVELICA","ANGARAES","LIRCAY",NULL,NULL,NULL
"847","090302","HUANCAVELICA","ANGARAES","ANCHONGA",NULL,NULL,NULL
"848","090303","HUANCAVELICA","ANGARAES","CALLANMARCA",NULL,NULL,NULL
"849","090304","HUANCAVELICA","ANGARAES","CCOCHACCASA",NULL,NULL,NULL
"850","090305","HUANCAVELICA","ANGARAES","CHINCHO",NULL,NULL,NULL
"851","090306","HUANCAVELICA","ANGARAES","CONGALLA",NULL,NULL,NULL
"852","090307","HUANCAVELICA","ANGARAES","HUANCA-HUANCA",NULL,NULL,NULL
"853","090308","HUANCAVELICA","ANGARAES","HUAYLLAY GRANDE",NULL,NULL,NULL
"854","090309","HUANCAVELICA","ANGARAES","JULCAMARCA",NULL,NULL,NULL
"855","090310","HUANCAVELICA","ANGARAES","SAN ANTONIO DE ANTAPARCO",NULL,NULL,NULL
"856","090311","HUANCAVELICA","ANGARAES","SANTO TOMAS DE PATA",NULL,NULL,NULL
"857","090312","HUANCAVELICA","ANGARAES","SECCLLA",NULL,NULL,NULL
"858","090401","HUANCAVELICA","CASTROVIRREYNA","CASTROVIRREYNA",NULL,NULL,NULL
"859","090402","HUANCAVELICA","CASTROVIRREYNA","ARMA",NULL,NULL,NULL
"860","090403","HUANCAVELICA","CASTROVIRREYNA","AURAHUA",NULL,NULL,NULL
"861","090404","HUANCAVELICA","CASTROVIRREYNA","CAPILLAS",NULL,NULL,NULL
"862","090405","HUANCAVELICA","CASTROVIRREYNA","CHUPAMARCA",NULL,NULL,NULL
"863","090406","HUANCAVELICA","CASTROVIRREYNA","COCAS",NULL,NULL,NULL
"864","090407","HUANCAVELICA","CASTROVIRREYNA","HUACHOS",NULL,NULL,NULL
"865","090408","HUANCAVELICA","CASTROVIRREYNA","HUAMATAMBO",NULL,NULL,NULL
"866","090409","HUANCAVELICA","CASTROVIRREYNA","MOLLEPAMPA",NULL,NULL,NULL
"867","090410","HUANCAVELICA","CASTROVIRREYNA","SAN JUAN",NULL,NULL,NULL
"868","090411","HUANCAVELICA","CASTROVIRREYNA","SANTA ANA",NULL,NULL,NULL
"869","090412","HUANCAVELICA","CASTROVIRREYNA","TANTARA",NULL,NULL,NULL
"870","090413","HUANCAVELICA","CASTROVIRREYNA","TICRAPO",NULL,NULL,NULL
"871","090501","HUANCAVELICA","CHURCAMPA","CHURCAMPA",NULL,NULL,NULL
"872","090502","HUANCAVELICA","CHURCAMPA","ANCO",NULL,NULL,NULL
"873","090503","HUANCAVELICA","CHURCAMPA","CHINCHIHUASI",NULL,NULL,NULL
"874","090504","HUANCAVELICA","CHURCAMPA","EL CARMEN",NULL,NULL,NULL
"875","090505","HUANCAVELICA","CHURCAMPA","LA MERCED",NULL,NULL,NULL
"876","090506","HUANCAVELICA","CHURCAMPA","LOCROJA",NULL,NULL,NULL
"877","090507","HUANCAVELICA","CHURCAMPA","PAUCARBAMBA",NULL,NULL,NULL
"878","090508","HUANCAVELICA","CHURCAMPA","SAN MIGUEL DE MAYOCC",NULL,NULL,NULL
"879","090509","HUANCAVELICA","CHURCAMPA","SAN PEDRO DE CORIS",NULL,NULL,NULL
"880","090510","HUANCAVELICA","CHURCAMPA","PACHAMARCA",NULL,NULL,NULL
"881","090511","HUANCAVELICA","CHURCAMPA","COSME",NULL,NULL,NULL
"882","090601","HUANCAVELICA","HUAYTARA","HUAYTARA",NULL,NULL,NULL
"883","090602","HUANCAVELICA","HUAYTARA","AYAVI",NULL,NULL,NULL
"884","090603","HUANCAVELICA","HUAYTARA","CORDOVA",NULL,NULL,NULL
"885","090604","HUANCAVELICA","HUAYTARA","HUAYACUNDO ARMA",NULL,NULL,NULL
"886","090605","HUANCAVELICA","HUAYTARA","LARAMARCA",NULL,NULL,NULL
"887","090606","HUANCAVELICA","HUAYTARA","OCOYO",NULL,NULL,NULL
"888","090607","HUANCAVELICA","HUAYTARA","PILPICHACA",NULL,NULL,NULL
"889","090608","HUANCAVELICA","HUAYTARA","QUERCO",NULL,NULL,NULL
"890","090609","HUANCAVELICA","HUAYTARA","QUITO-ARMA",NULL,NULL,NULL
"891","090610","HUANCAVELICA","HUAYTARA","SAN ANTONIO DE CUSICANCHA",NULL,NULL,NULL
"892","090611","HUANCAVELICA","HUAYTARA","SAN FRANCISCO DE SANGAYAICO",NULL,NULL,NULL
"893","090612","HUANCAVELICA","HUAYTARA","SAN ISIDRO",NULL,NULL,NULL
"894","090613","HUANCAVELICA","HUAYTARA","SANTIAGO DE CHOCORVOS",NULL,NULL,NULL
"895","090614","HUANCAVELICA","HUAYTARA","SANTIAGO DE QUIRAHUARA",NULL,NULL,NULL
"896","090615","HUANCAVELICA","HUAYTARA","SANTO DOMINGO DE CAPILLAS",NULL,NULL,NULL
"897","090616","HUANCAVELICA","HUAYTARA","TAMBO",NULL,NULL,NULL
"898","090701","HUANCAVELICA","TAYACAJA","PAMPAS",NULL,NULL,NULL
"899","090702","HUANCAVELICA","TAYACAJA","ACOSTAMBO",NULL,NULL,NULL
"900","090703","HUANCAVELICA","TAYACAJA","ACRAQUIA",NULL,NULL,NULL
"901","090704","HUANCAVELICA","TAYACAJA","AHUAYCHA",NULL,NULL,NULL
"902","090705","HUANCAVELICA","TAYACAJA","COLCABAMBA",NULL,NULL,NULL
"903","090706","HUANCAVELICA","TAYACAJA","DANIEL HERNANDEZ",NULL,NULL,NULL
"904","090707","HUANCAVELICA","TAYACAJA","HUACHOCOLPA",NULL,NULL,NULL
"905","090709","HUANCAVELICA","TAYACAJA","HUARIBAMBA",NULL,NULL,NULL
"906","090710","HUANCAVELICA","TAYACAJA","ÑAHUIMPUQUIO",NULL,NULL,NULL
"907","090711","HUANCAVELICA","TAYACAJA","PAZOS",NULL,NULL,NULL
"908","090713","HUANCAVELICA","TAYACAJA","QUISHUAR",NULL,NULL,NULL
"909","090714","HUANCAVELICA","TAYACAJA","SALCABAMBA",NULL,NULL,NULL
"910","090715","HUANCAVELICA","TAYACAJA","SALCAHUASI",NULL,NULL,NULL
"911","090716","HUANCAVELICA","TAYACAJA","SAN MARCOS DE ROCCHAC",NULL,NULL,NULL
"912","090717","HUANCAVELICA","TAYACAJA","SURCUBAMBA",NULL,NULL,NULL
"913","090718","HUANCAVELICA","TAYACAJA","TINTAY PUNCU",NULL,NULL,NULL
"914","090719","HUANCAVELICA","TAYACAJA","QUICHUAS",NULL,NULL,NULL
"915","090720","HUANCAVELICA","TAYACAJA","ANDAYMARCA",NULL,NULL,NULL
"916","090721","HUANCAVELICA","TAYACAJA","ROBLE",NULL,NULL,NULL
"917","090722","HUANCAVELICA","TAYACAJA","PICHOS",NULL,NULL,NULL
"918","090723","HUANCAVELICA","TAYACAJA","SANTIAGO DE TUCUMA",NULL,NULL,NULL
"919","090724","HUANCAVELICA","TAYACAJA","LAMBRAS",NULL,NULL,NULL
"920","090725","HUANCAVELICA","TAYACAJA","COCHABAMBA",NULL,NULL,NULL
"921","100101","HUANUCO","HUANUCO","HUANUCO",NULL,NULL,NULL
"922","100102","HUANUCO","HUANUCO","AMARILIS",NULL,NULL,NULL
"923","100103","HUANUCO","HUANUCO","CHINCHAO",NULL,NULL,NULL
"924","100104","HUANUCO","HUANUCO","CHURUBAMBA",NULL,NULL,NULL
"925","100105","HUANUCO","HUANUCO","MARGOS",NULL,NULL,NULL
"926","100106","HUANUCO","HUANUCO","QUISQUI (KICHKI)",NULL,NULL,NULL
"927","100107","HUANUCO","HUANUCO","SAN FRANCISCO DE CAYRAN",NULL,NULL,NULL
"928","100108","HUANUCO","HUANUCO","SAN PEDRO DE CHAULAN",NULL,NULL,NULL
"929","100109","HUANUCO","HUANUCO","SANTA MARIA DEL VALLE",NULL,NULL,NULL
"930","100110","HUANUCO","HUANUCO","YARUMAYO",NULL,NULL,NULL
"931","100111","HUANUCO","HUANUCO","PILLCO MARCA",NULL,NULL,NULL
"932","100112","HUANUCO","HUANUCO","YACUS",NULL,NULL,NULL
"933","100113","HUANUCO","HUANUCO","SAN PABLO DE PILLAO",NULL,NULL,NULL
"934","100201","HUANUCO","AMBO","AMBO",NULL,NULL,NULL
"935","100202","HUANUCO","AMBO","CAYNA",NULL,NULL,NULL
"936","100203","HUANUCO","AMBO","COLPAS",NULL,NULL,NULL
"937","100204","HUANUCO","AMBO","CONCHAMARCA",NULL,NULL,NULL
"938","100205","HUANUCO","AMBO","HUACAR",NULL,NULL,NULL
"939","100206","HUANUCO","AMBO","SAN FRANCISCO",NULL,NULL,NULL
"940","100207","HUANUCO","AMBO","SAN RAFAEL",NULL,NULL,NULL
"941","100208","HUANUCO","AMBO","TOMAY KICHWA",NULL,NULL,NULL
"942","100301","HUANUCO","DOS DE MAYO","LA UNION",NULL,NULL,NULL
"943","100307","HUANUCO","DOS DE MAYO","CHUQUIS",NULL,NULL,NULL
"944","100311","HUANUCO","DOS DE MAYO","MARIAS",NULL,NULL,NULL
"945","100313","HUANUCO","DOS DE MAYO","PACHAS",NULL,NULL,NULL
"946","100316","HUANUCO","DOS DE MAYO","QUIVILLA",NULL,NULL,NULL
"947","100317","HUANUCO","DOS DE MAYO","RIPAN",NULL,NULL,NULL
"948","100321","HUANUCO","DOS DE MAYO","SHUNQUI",NULL,NULL,NULL
"949","100322","HUANUCO","DOS DE MAYO","SILLAPATA",NULL,NULL,NULL
"950","100323","HUANUCO","DOS DE MAYO","YANAS",NULL,NULL,NULL
"951","100401","HUANUCO","HUACAYBAMBA","HUACAYBAMBA",NULL,NULL,NULL
"952","100402","HUANUCO","HUACAYBAMBA","CANCHABAMBA",NULL,NULL,NULL
"953","100403","HUANUCO","HUACAYBAMBA","COCHABAMBA",NULL,NULL,NULL
"954","100404","HUANUCO","HUACAYBAMBA","PINRA",NULL,NULL,NULL
"955","100501","HUANUCO","HUAMALIES","LLATA",NULL,NULL,NULL
"956","100502","HUANUCO","HUAMALIES","ARANCAY",NULL,NULL,NULL
"957","100503","HUANUCO","HUAMALIES","CHAVIN DE PARIARCA",NULL,NULL,NULL
"958","100504","HUANUCO","HUAMALIES","JACAS GRANDE",NULL,NULL,NULL
"959","100505","HUANUCO","HUAMALIES","JIRCAN",NULL,NULL,NULL
"960","100506","HUANUCO","HUAMALIES","MIRAFLORES",NULL,NULL,NULL
"961","100507","HUANUCO","HUAMALIES","MONZON",NULL,NULL,NULL
"962","100508","HUANUCO","HUAMALIES","PUNCHAO",NULL,NULL,NULL
"963","100509","HUANUCO","HUAMALIES","PUÑOS",NULL,NULL,NULL
"964","100510","HUANUCO","HUAMALIES","SINGA",NULL,NULL,NULL
"965","100511","HUANUCO","HUAMALIES","TANTAMAYO",NULL,NULL,NULL
"966","100601","HUANUCO","LEONCIO PRADO","RUPA-RUPA",NULL,NULL,NULL
"967","100602","HUANUCO","LEONCIO PRADO","DANIEL ALOMIA ROBLES",NULL,NULL,NULL
"968","100603","HUANUCO","LEONCIO PRADO","HERMILIO VALDIZAN",NULL,NULL,NULL
"969","100604","HUANUCO","LEONCIO PRADO","JOSE CRESPO Y CASTILLO",NULL,NULL,NULL
"970","100605","HUANUCO","LEONCIO PRADO","LUYANDO",NULL,NULL,NULL
"971","100606","HUANUCO","LEONCIO PRADO","MARIANO DAMASO BERAUN",NULL,NULL,NULL
"972","100607","HUANUCO","LEONCIO PRADO","PUCAYACU",NULL,NULL,NULL
"973","100608","HUANUCO","LEONCIO PRADO","CASTILLO GRANDE",NULL,NULL,NULL
"974","100609","HUANUCO","LEONCIO PRADO","PUEBLO NUEVO",NULL,NULL,NULL
"975","100610","HUANUCO","LEONCIO PRADO","SANTO DOMINGO DE ANDA",NULL,NULL,NULL
"976","100701","HUANUCO","MARAÑON","HUACRACHUCO",NULL,NULL,NULL
"977","100702","HUANUCO","MARAÑON","CHOLON",NULL,NULL,NULL
"978","100703","HUANUCO","MARAÑON","SAN BUENAVENTURA",NULL,NULL,NULL
"979","100704","HUANUCO","MARAÑON","LA MORADA",NULL,NULL,NULL
"980","100705","HUANUCO","MARAÑON","SANTA ROSA DE ALTO YANAJANCA",NULL,NULL,NULL
"981","100801","HUANUCO","PACHITEA","PANAO",NULL,NULL,NULL
"982","100802","HUANUCO","PACHITEA","CHAGLLA",NULL,NULL,NULL
"983","100803","HUANUCO","PACHITEA","MOLINO",NULL,NULL,NULL
"984","100804","HUANUCO","PACHITEA","UMARI",NULL,NULL,NULL
"985","100901","HUANUCO","PUERTO INCA","PUERTO INCA",NULL,NULL,NULL
"986","100902","HUANUCO","PUERTO INCA","CODO DEL POZUZO",NULL,NULL,NULL
"987","100903","HUANUCO","PUERTO INCA","HONORIA",NULL,NULL,NULL
"988","100904","HUANUCO","PUERTO INCA","TOURNAVISTA",NULL,NULL,NULL
"989","100905","HUANUCO","PUERTO INCA","YUYAPICHIS",NULL,NULL,NULL
"990","101001","HUANUCO","LAURICOCHA","JESUS",NULL,NULL,NULL
"991","101002","HUANUCO","LAURICOCHA","BAÑOS",NULL,NULL,NULL
"992","101003","HUANUCO","LAURICOCHA","JIVIA",NULL,NULL,NULL
"993","101004","HUANUCO","LAURICOCHA","QUEROPALCA",NULL,NULL,NULL
"994","101005","HUANUCO","LAURICOCHA","RONDOS",NULL,NULL,NULL
"995","101006","HUANUCO","LAURICOCHA","SAN FRANCISCO DE ASIS",NULL,NULL,NULL
"996","101007","HUANUCO","LAURICOCHA","SAN MIGUEL DE CAURI",NULL,NULL,NULL
"997","101101","HUANUCO","YAROWILCA","CHAVINILLO",NULL,NULL,NULL
"998","101102","HUANUCO","YAROWILCA","CAHUAC",NULL,NULL,NULL
"999","101103","HUANUCO","YAROWILCA","CHACABAMBA",NULL,NULL,NULL
"1000","101104","HUANUCO","YAROWILCA","APARICIO POMARES",NULL,NULL,NULL
"1001","101105","HUANUCO","YAROWILCA","JACAS CHICO",NULL,NULL,NULL
"1002","101106","HUANUCO","YAROWILCA","OBAS",NULL,NULL,NULL
"1003","101107","HUANUCO","YAROWILCA","PAMPAMARCA",NULL,NULL,NULL
"1558","010101","AMAZONAS","CHACHAPOYAS","CHACHAPOYAS",NULL,NULL,NULL
"1559","010102","AMAZONAS","CHACHAPOYAS","ASUNCION",NULL,NULL,NULL
"1560","010103","AMAZONAS","CHACHAPOYAS","BALSAS",NULL,NULL,NULL
"1561","010104","AMAZONAS","CHACHAPOYAS","CHETO",NULL,NULL,NULL
"1562","010105","AMAZONAS","CHACHAPOYAS","CHILIQUIN",NULL,NULL,NULL
"1563","010106","AMAZONAS","CHACHAPOYAS","CHUQUIBAMBA",NULL,NULL,NULL
"1564","010107","AMAZONAS","CHACHAPOYAS","GRANADA",NULL,NULL,NULL
"1565","010108","AMAZONAS","CHACHAPOYAS","HUANCAS",NULL,NULL,NULL
"1566","010109","AMAZONAS","CHACHAPOYAS","LA JALCA",NULL,NULL,NULL
"1567","010110","AMAZONAS","CHACHAPOYAS","LEIMEBAMBA",NULL,NULL,NULL
"1568","010111","AMAZONAS","CHACHAPOYAS","LEVANTO",NULL,NULL,NULL
"1569","010112","AMAZONAS","CHACHAPOYAS","MAGDALENA",NULL,NULL,NULL
"1570","010113","AMAZONAS","CHACHAPOYAS","MARISCAL CASTILLA",NULL,NULL,NULL
"1571","010114","AMAZONAS","CHACHAPOYAS","MOLINOPAMPA",NULL,NULL,NULL
"1572","010115","AMAZONAS","CHACHAPOYAS","MONTEVIDEO",NULL,NULL,NULL
"1573","010116","AMAZONAS","CHACHAPOYAS","OLLEROS",NULL,NULL,NULL
"1574","010117","AMAZONAS","CHACHAPOYAS","QUINJALCA",NULL,NULL,NULL
"1575","010118","AMAZONAS","CHACHAPOYAS","SAN FRANCISCO DE DAGUAS",NULL,NULL,NULL
"1576","010119","AMAZONAS","CHACHAPOYAS","SAN ISIDRO DE MAINO",NULL,NULL,NULL
"1577","010120","AMAZONAS","CHACHAPOYAS","SOLOCO",NULL,NULL,NULL
"1578","010121","AMAZONAS","CHACHAPOYAS","SONCHE",NULL,NULL,NULL
"1579","010201","AMAZONAS","BAGUA","BAGUA",NULL,NULL,NULL
"1580","010202","AMAZONAS","BAGUA","ARAMANGO",NULL,NULL,NULL
"1581","010203","AMAZONAS","BAGUA","COPALLIN",NULL,NULL,NULL
"1582","010204","AMAZONAS","BAGUA","EL PARCO",NULL,NULL,NULL
"1583","010205","AMAZONAS","BAGUA","IMAZA",NULL,NULL,NULL
"1584","010206","AMAZONAS","BAGUA","LA PECA",NULL,NULL,NULL
"1585","010301","AMAZONAS","BONGARA","JUMBILLA",NULL,NULL,NULL
"1586","010302","AMAZONAS","BONGARA","CHISQUILLA",NULL,NULL,NULL
"1587","010303","AMAZONAS","BONGARA","CHURUJA",NULL,NULL,NULL
"1588","010304","AMAZONAS","BONGARA","COROSHA",NULL,NULL,NULL
"1589","010305","AMAZONAS","BONGARA","CUISPES",NULL,NULL,NULL
"1590","010306","AMAZONAS","BONGARA","FLORIDA",NULL,NULL,NULL
"1591","010307","AMAZONAS","BONGARA","JAZAN",NULL,NULL,NULL
"1592","010308","AMAZONAS","BONGARA","RECTA",NULL,NULL,NULL
"1593","010309","AMAZONAS","BONGARA","SAN CARLOS",NULL,NULL,NULL
"1594","010310","AMAZONAS","BONGARA","SHIPASBAMBA",NULL,NULL,NULL
"1595","010311","AMAZONAS","BONGARA","VALERA",NULL,NULL,NULL
"1596","010312","AMAZONAS","BONGARA","YAMBRASBAMBA",NULL,NULL,NULL
"1597","010401","AMAZONAS","CONDORCANQUI","NIEVA",NULL,NULL,NULL
"1598","010402","AMAZONAS","CONDORCANQUI","EL CENEPA",NULL,NULL,NULL
"1599","010403","AMAZONAS","CONDORCANQUI","RIO SANTIAGO",NULL,NULL,NULL
"1600","010501","AMAZONAS","LUYA","LAMUD",NULL,NULL,NULL
"1601","010502","AMAZONAS","LUYA","CAMPORREDONDO",NULL,NULL,NULL
"1602","010503","AMAZONAS","LUYA","COCABAMBA",NULL,NULL,NULL
"1603","010504","AMAZONAS","LUYA","COLCAMAR",NULL,NULL,NULL
"1604","010505","AMAZONAS","LUYA","CONILA",NULL,NULL,NULL
"1605","010506","AMAZONAS","LUYA","INGUILPATA",NULL,NULL,NULL
"1606","010507","AMAZONAS","LUYA","LONGUITA",NULL,NULL,NULL
"1607","010508","AMAZONAS","LUYA","LONYA CHICO",NULL,NULL,NULL
"1608","010509","AMAZONAS","LUYA","LUYA",NULL,NULL,NULL
"1609","010510","AMAZONAS","LUYA","LUYA VIEJO",NULL,NULL,NULL
"1610","010511","AMAZONAS","LUYA","MARIA",NULL,NULL,NULL
"1611","010512","AMAZONAS","LUYA","OCALLI",NULL,NULL,NULL
"1612","010513","AMAZONAS","LUYA","OCUMAL",NULL,NULL,NULL
"1613","010514","AMAZONAS","LUYA","PISUQUIA",NULL,NULL,NULL
"1614","010515","AMAZONAS","LUYA","PROVIDENCIA",NULL,NULL,NULL
"1615","010516","AMAZONAS","LUYA","SAN CRISTOBAL",NULL,NULL,NULL
"1616","010517","AMAZONAS","LUYA","SAN FRANCISCO DEL YESO",NULL,NULL,NULL
"1617","010518","AMAZONAS","LUYA","SAN JERONIMO",NULL,NULL,NULL
"1618","010519","AMAZONAS","LUYA","SAN JUAN DE LOPECANCHA",NULL,NULL,NULL
"1619","010520","AMAZONAS","LUYA","SANTA CATALINA",NULL,NULL,NULL
"1620","010521","AMAZONAS","LUYA","SANTO TOMAS",NULL,NULL,NULL
"1621","010522","AMAZONAS","LUYA","TINGO",NULL,NULL,NULL
"1622","010523","AMAZONAS","LUYA","TRITA",NULL,NULL,NULL
"1623","010601","AMAZONAS","RODRIGUEZ DE MENDOZA","SAN NICOLAS",NULL,NULL,NULL
"1624","010602","AMAZONAS","RODRIGUEZ DE MENDOZA","CHIRIMOTO",NULL,NULL,NULL
"1625","010603","AMAZONAS","RODRIGUEZ DE MENDOZA","COCHAMAL",NULL,NULL,NULL
"1626","010604","AMAZONAS","RODRIGUEZ DE MENDOZA","HUAMBO",NULL,NULL,NULL
"1627","010605","AMAZONAS","RODRIGUEZ DE MENDOZA","LIMABAMBA",NULL,NULL,NULL
"1628","010606","AMAZONAS","RODRIGUEZ DE MENDOZA","LONGAR",NULL,NULL,NULL
"1629","010607","AMAZONAS","RODRIGUEZ DE MENDOZA","MARISCAL BENAVIDES",NULL,NULL,NULL
"1630","010608","AMAZONAS","RODRIGUEZ DE MENDOZA","MILPUC",NULL,NULL,NULL
"1631","010609","AMAZONAS","RODRIGUEZ DE MENDOZA","OMIA",NULL,NULL,NULL
"1632","010610","AMAZONAS","RODRIGUEZ DE MENDOZA","SANTA ROSA",NULL,NULL,NULL
"1633","010611","AMAZONAS","RODRIGUEZ DE MENDOZA","TOTORA",NULL,NULL,NULL
"1634","010612","AMAZONAS","RODRIGUEZ DE MENDOZA","VISTA ALEGRE",NULL,NULL,NULL
"1635","010701","AMAZONAS","UTCUBAMBA","BAGUA GRANDE",NULL,NULL,NULL
"1636","010702","AMAZONAS","UTCUBAMBA","CAJARURO",NULL,NULL,NULL
"1637","010703","AMAZONAS","UTCUBAMBA","CUMBA",NULL,NULL,NULL
"1638","010704","AMAZONAS","UTCUBAMBA","EL MILAGRO",NULL,NULL,NULL
"1639","010705","AMAZONAS","UTCUBAMBA","JAMALCA",NULL,NULL,NULL
"1640","010706","AMAZONAS","UTCUBAMBA","LONYA GRANDE",NULL,NULL,NULL
"1641","010707","AMAZONAS","UTCUBAMBA","YAMON",NULL,NULL,NULL
"1642","020101","ANCASH","HUARAZ","HUARAZ",NULL,NULL,NULL
"1643","020102","ANCASH","HUARAZ","COCHABAMBA",NULL,NULL,NULL
"1644","020103","ANCASH","HUARAZ","COLCABAMBA",NULL,NULL,NULL
"1645","020104","ANCASH","HUARAZ","HUANCHAY",NULL,NULL,NULL
"1646","020105","ANCASH","HUARAZ","INDEPENDENCIA",NULL,NULL,NULL
"1647","020106","ANCASH","HUARAZ","JANGAS",NULL,NULL,NULL
"1648","020107","ANCASH","HUARAZ","LA LIBERTAD",NULL,NULL,NULL
"1649","020108","ANCASH","HUARAZ","OLLEROS",NULL,NULL,NULL
"1650","020109","ANCASH","HUARAZ","PAMPAS GRANDE",NULL,NULL,NULL
"1651","020110","ANCASH","HUARAZ","PARIACOTO",NULL,NULL,NULL
"1652","020111","ANCASH","HUARAZ","PIRA",NULL,NULL,NULL
"1653","020112","ANCASH","HUARAZ","TARICA",NULL,NULL,NULL
"1654","020201","ANCASH","AIJA","AIJA",NULL,NULL,NULL
"1655","020202","ANCASH","AIJA","CORIS",NULL,NULL,NULL
"1656","020203","ANCASH","AIJA","HUACLLAN",NULL,NULL,NULL
"1657","020204","ANCASH","AIJA","LA MERCED",NULL,NULL,NULL
"1658","020205","ANCASH","AIJA","SUCCHA",NULL,NULL,NULL
"1659","020301","ANCASH","ANTONIO RAYMONDI","LLAMELLIN",NULL,NULL,NULL
"1660","020302","ANCASH","ANTONIO RAYMONDI","ACZO",NULL,NULL,NULL
"1661","020303","ANCASH","ANTONIO RAYMONDI","CHACCHO",NULL,NULL,NULL
"1662","020304","ANCASH","ANTONIO RAYMONDI","CHINGAS",NULL,NULL,NULL
"1663","020305","ANCASH","ANTONIO RAYMONDI","MIRGAS",NULL,NULL,NULL
"1664","020306","ANCASH","ANTONIO RAYMONDI","SAN JUAN DE RONTOY",NULL,NULL,NULL
"1665","020401","ANCASH","ASUNCION","CHACAS",NULL,NULL,NULL
"1666","020402","ANCASH","ASUNCION","ACOCHACA",NULL,NULL,NULL
"1667","020501","ANCASH","BOLOGNESI","CHIQUIAN",NULL,NULL,NULL
"1668","020502","ANCASH","BOLOGNESI","ABELARDO PARDO LEZAMETA",NULL,NULL,NULL
"1669","020503","ANCASH","BOLOGNESI","ANTONIO RAYMONDI",NULL,NULL,NULL
"1670","020504","ANCASH","BOLOGNESI","AQUIA",NULL,NULL,NULL
"1671","020505","ANCASH","BOLOGNESI","CAJACAY",NULL,NULL,NULL
"1672","020506","ANCASH","BOLOGNESI","CANIS",NULL,NULL,NULL
"1673","020507","ANCASH","BOLOGNESI","COLQUIOC",NULL,NULL,NULL
"1674","020508","ANCASH","BOLOGNESI","HUALLANCA",NULL,NULL,NULL
"1675","020509","ANCASH","BOLOGNESI","HUASTA",NULL,NULL,NULL
"1676","020510","ANCASH","BOLOGNESI","HUAYLLACAYAN",NULL,NULL,NULL
"1677","020511","ANCASH","BOLOGNESI","LA PRIMAVERA",NULL,NULL,NULL
"1678","020512","ANCASH","BOLOGNESI","MANGAS",NULL,NULL,NULL
"1679","020513","ANCASH","BOLOGNESI","PACLLON",NULL,NULL,NULL
"1680","020514","ANCASH","BOLOGNESI","SAN MIGUEL DE CORPANQUI",NULL,NULL,NULL
"1681","020515","ANCASH","BOLOGNESI","TICLLOS",NULL,NULL,NULL
"1682","020601","ANCASH","CARHUAZ","CARHUAZ",NULL,NULL,NULL
"1683","020602","ANCASH","CARHUAZ","ACOPAMPA",NULL,NULL,NULL
"1684","020603","ANCASH","CARHUAZ","AMASHCA",NULL,NULL,NULL
"1685","020604","ANCASH","CARHUAZ","ANTA",NULL,NULL,NULL
"1686","020605","ANCASH","CARHUAZ","ATAQUERO",NULL,NULL,NULL
"1687","020606","ANCASH","CARHUAZ","MARCARA",NULL,NULL,NULL
"1688","020607","ANCASH","CARHUAZ","PARIAHUANCA",NULL,NULL,NULL
"1689","020608","ANCASH","CARHUAZ","SAN MIGUEL DE ACO",NULL,NULL,NULL
"1690","020609","ANCASH","CARHUAZ","SHILLA",NULL,NULL,NULL
"1691","020610","ANCASH","CARHUAZ","TINCO",NULL,NULL,NULL
"1692","020611","ANCASH","CARHUAZ","YUNGAR",NULL,NULL,NULL
"1693","020701","ANCASH","CARLOS FERMIN FITZCARRALD","SAN LUIS",NULL,NULL,NULL
"1694","020702","ANCASH","CARLOS FERMIN FITZCARRALD","SAN NICOLAS",NULL,NULL,NULL
"1695","020703","ANCASH","CARLOS FERMIN FITZCARRALD","YAUYA",NULL,NULL,NULL
"1696","020801","ANCASH","CASMA","CASMA",NULL,NULL,NULL
"1697","020802","ANCASH","CASMA","BUENA VISTA ALTA",NULL,NULL,NULL
"1698","020803","ANCASH","CASMA","COMANDANTE NOEL",NULL,NULL,NULL
"1699","020804","ANCASH","CASMA","YAUTAN",NULL,NULL,NULL
"1700","020901","ANCASH","CORONGO","CORONGO",NULL,NULL,NULL
"1701","020902","ANCASH","CORONGO","ACO",NULL,NULL,NULL
"1702","020903","ANCASH","CORONGO","BAMBAS",NULL,NULL,NULL
"1703","020904","ANCASH","CORONGO","CUSCA",NULL,NULL,NULL
"1704","020905","ANCASH","CORONGO","LA PAMPA",NULL,NULL,NULL
"1705","020906","ANCASH","CORONGO","YANAC",NULL,NULL,NULL
"1706","020907","ANCASH","CORONGO","YUPAN",NULL,NULL,NULL
"1707","021001","ANCASH","HUARI","HUARI",NULL,NULL,NULL
"1708","021002","ANCASH","HUARI","ANRA",NULL,NULL,NULL
"1709","021003","ANCASH","HUARI","CAJAY",NULL,NULL,NULL
"1710","021004","ANCASH","HUARI","CHAVIN DE HUANTAR",NULL,NULL,NULL
"1711","021005","ANCASH","HUARI","HUACACHI",NULL,NULL,NULL
"1712","021006","ANCASH","HUARI","HUACCHIS",NULL,NULL,NULL
"1713","021007","ANCASH","HUARI","HUACHIS",NULL,NULL,NULL
"1714","021008","ANCASH","HUARI","HUANTAR",NULL,NULL,NULL
"1715","021009","ANCASH","HUARI","MASIN",NULL,NULL,NULL
"1716","021010","ANCASH","HUARI","PAUCAS",NULL,NULL,NULL
"1717","021011","ANCASH","HUARI","PONTO",NULL,NULL,NULL
"1718","021012","ANCASH","HUARI","RAHUAPAMPA",NULL,NULL,NULL
"1719","021013","ANCASH","HUARI","RAPAYAN",NULL,NULL,NULL
"1720","021014","ANCASH","HUARI","SAN MARCOS",NULL,NULL,NULL
"1721","021015","ANCASH","HUARI","SAN PEDRO DE CHANA",NULL,NULL,NULL
"1722","021016","ANCASH","HUARI","UCO",NULL,NULL,NULL
"1723","021101","ANCASH","HUARMEY","HUARMEY",NULL,NULL,NULL
"1724","021102","ANCASH","HUARMEY","COCHAPETI",NULL,NULL,NULL
"1725","021103","ANCASH","HUARMEY","CULEBRAS",NULL,NULL,NULL
"1726","021104","ANCASH","HUARMEY","HUAYAN",NULL,NULL,NULL
"1727","021105","ANCASH","HUARMEY","MALVAS",NULL,NULL,NULL
"1728","021201","ANCASH","HUAYLAS","CARAZ",NULL,NULL,NULL
"1729","021202","ANCASH","HUAYLAS","HUALLANCA",NULL,NULL,NULL
"1730","021203","ANCASH","HUAYLAS","HUATA",NULL,NULL,NULL
"1731","021204","ANCASH","HUAYLAS","HUAYLAS",NULL,NULL,NULL
"1732","021205","ANCASH","HUAYLAS","MATO",NULL,NULL,NULL
"1733","021206","ANCASH","HUAYLAS","PAMPAROMAS",NULL,NULL,NULL
"1734","021207","ANCASH","HUAYLAS","PUEBLO LIBRE",NULL,NULL,NULL
"1735","021208","ANCASH","HUAYLAS","SANTA CRUZ",NULL,NULL,NULL
"1736","021209","ANCASH","HUAYLAS","SANTO TORIBIO",NULL,NULL,NULL
"1737","021210","ANCASH","HUAYLAS","YURACMARCA",NULL,NULL,NULL
"1738","021301","ANCASH","MARISCAL LUZURIAGA","PISCOBAMBA",NULL,NULL,NULL
"1739","021302","ANCASH","MARISCAL LUZURIAGA","CASCA",NULL,NULL,NULL
"1740","021303","ANCASH","MARISCAL LUZURIAGA","ELEAZAR GUZMAN BARRON",NULL,NULL,NULL
"1741","021304","ANCASH","MARISCAL LUZURIAGA","FIDEL OLIVAS ESCUDERO",NULL,NULL,NULL
"1742","021305","ANCASH","MARISCAL LUZURIAGA","LLAMA",NULL,NULL,NULL
"1743","021306","ANCASH","MARISCAL LUZURIAGA","LLUMPA",NULL,NULL,NULL
"1744","021307","ANCASH","MARISCAL LUZURIAGA","LUCMA",NULL,NULL,NULL
"1745","021308","ANCASH","MARISCAL LUZURIAGA","MUSGA",NULL,NULL,NULL
"1746","021401","ANCASH","OCROS","OCROS",NULL,NULL,NULL
"1747","021402","ANCASH","OCROS","ACAS",NULL,NULL,NULL
"1748","021403","ANCASH","OCROS","CAJAMARQUILLA",NULL,NULL,NULL
"1749","021404","ANCASH","OCROS","CARHUAPAMPA",NULL,NULL,NULL
"1750","021405","ANCASH","OCROS","COCHAS",NULL,NULL,NULL
"1751","021406","ANCASH","OCROS","CONGAS",NULL,NULL,NULL
"1752","021407","ANCASH","OCROS","LLIPA",NULL,NULL,NULL
"1753","021408","ANCASH","OCROS","SAN CRISTOBAL DE RAJAN",NULL,NULL,NULL
"1754","021409","ANCASH","OCROS","SAN PEDRO",NULL,NULL,NULL
"1755","021410","ANCASH","OCROS","SANTIAGO DE CHILCAS",NULL,NULL,NULL
"1756","021501","ANCASH","PALLASCA","CABANA",NULL,NULL,NULL
"1757","021502","ANCASH","PALLASCA","BOLOGNESI",NULL,NULL,NULL
"1758","021503","ANCASH","PALLASCA","CONCHUCOS",NULL,NULL,NULL
"1759","021504","ANCASH","PALLASCA","HUACASCHUQUE",NULL,NULL,NULL
"1760","021505","ANCASH","PALLASCA","HUANDOVAL",NULL,NULL,NULL
"1761","021506","ANCASH","PALLASCA","LACABAMBA",NULL,NULL,NULL
"1762","021507","ANCASH","PALLASCA","LLAPO",NULL,NULL,NULL
"1763","021508","ANCASH","PALLASCA","PALLASCA",NULL,NULL,NULL
"1764","021509","ANCASH","PALLASCA","PAMPAS",NULL,NULL,NULL
"1765","021510","ANCASH","PALLASCA","SANTA ROSA",NULL,NULL,NULL
"1766","021511","ANCASH","PALLASCA","TAUCA",NULL,NULL,NULL
"1767","021601","ANCASH","POMABAMBA","POMABAMBA",NULL,NULL,NULL
"1768","021602","ANCASH","POMABAMBA","HUAYLLAN",NULL,NULL,NULL
"1769","021603","ANCASH","POMABAMBA","PAROBAMBA",NULL,NULL,NULL
"1770","021604","ANCASH","POMABAMBA","QUINUABAMBA",NULL,NULL,NULL
"1771","021701","ANCASH","RECUAY","RECUAY",NULL,NULL,NULL
"1772","021702","ANCASH","RECUAY","CATAC",NULL,NULL,NULL
"1773","021703","ANCASH","RECUAY","COTAPARACO",NULL,NULL,NULL
"1774","021704","ANCASH","RECUAY","HUAYLLAPAMPA",NULL,NULL,NULL
"1775","021705","ANCASH","RECUAY","LLACLLIN",NULL,NULL,NULL
"1776","021706","ANCASH","RECUAY","MARCA",NULL,NULL,NULL
"1777","021707","ANCASH","RECUAY","PAMPAS CHICO",NULL,NULL,NULL
"1778","021708","ANCASH","RECUAY","PARARIN",NULL,NULL,NULL
"1779","021709","ANCASH","RECUAY","TAPACOCHA",NULL,NULL,NULL
"1780","021710","ANCASH","RECUAY","TICAPAMPA",NULL,NULL,NULL
"1781","021801","ANCASH","SANTA","CHIMBOTE",NULL,NULL,NULL
"1782","021802","ANCASH","SANTA","CACERES DEL PERU",NULL,NULL,NULL
"1783","021803","ANCASH","SANTA","COISHCO",NULL,NULL,NULL
"1784","021804","ANCASH","SANTA","MACATE",NULL,NULL,NULL
"1785","021805","ANCASH","SANTA","MORO",NULL,NULL,NULL
"1786","021806","ANCASH","SANTA","NEPEÑA",NULL,NULL,NULL
"1787","021807","ANCASH","SANTA","SAMANCO",NULL,NULL,NULL
"1788","021808","ANCASH","SANTA","SANTA",NULL,NULL,NULL
"1789","021809","ANCASH","SANTA","NUEVO CHIMBOTE",NULL,NULL,NULL
"1790","021901","ANCASH","SIHUAS","SIHUAS",NULL,NULL,NULL
"1791","021902","ANCASH","SIHUAS","ACOBAMBA",NULL,NULL,NULL
"1792","021903","ANCASH","SIHUAS","ALFONSO UGARTE",NULL,NULL,NULL
"1793","021904","ANCASH","SIHUAS","CASHAPAMPA",NULL,NULL,NULL
"1794","021905","ANCASH","SIHUAS","CHINGALPO",NULL,NULL,NULL
"1795","021906","ANCASH","SIHUAS","HUAYLLABAMBA",NULL,NULL,NULL
"1796","021907","ANCASH","SIHUAS","QUICHES",NULL,NULL,NULL
"1797","021908","ANCASH","SIHUAS","RAGASH",NULL,NULL,NULL
"1798","021909","ANCASH","SIHUAS","SAN JUAN",NULL,NULL,NULL
"1799","021910","ANCASH","SIHUAS","SICSIBAMBA",NULL,NULL,NULL
"1800","022001","ANCASH","YUNGAY","YUNGAY",NULL,NULL,NULL
"1801","022002","ANCASH","YUNGAY","CASCAPARA",NULL,NULL,NULL
"1802","022003","ANCASH","YUNGAY","MANCOS",NULL,NULL,NULL
"1803","022004","ANCASH","YUNGAY","MATACOTO",NULL,NULL,NULL
"1804","022005","ANCASH","YUNGAY","QUILLO",NULL,NULL,NULL
"1805","022006","ANCASH","YUNGAY","RANRAHIRCA",NULL,NULL,NULL
"1806","022007","ANCASH","YUNGAY","SHUPLUY",NULL,NULL,NULL
"1807","022008","ANCASH","YUNGAY","YANAMA",NULL,NULL,NULL
"1808","030101","APURIMAC","ABANCAY","ABANCAY",NULL,NULL,NULL
"1809","030102","APURIMAC","ABANCAY","CHACOCHE",NULL,NULL,NULL
"1810","030103","APURIMAC","ABANCAY","CIRCA",NULL,NULL,NULL
"1811","030104","APURIMAC","ABANCAY","CURAHUASI",NULL,NULL,NULL
"1812","030105","APURIMAC","ABANCAY","HUANIPACA",NULL,NULL,NULL
"1813","030106","APURIMAC","ABANCAY","LAMBRAMA",NULL,NULL,NULL
"1814","030107","APURIMAC","ABANCAY","PICHIRHUA",NULL,NULL,NULL
"1815","030108","APURIMAC","ABANCAY","SAN PEDRO DE CACHORA",NULL,NULL,NULL
"1816","030109","APURIMAC","ABANCAY","TAMBURCO",NULL,NULL,NULL
"1817","030201","APURIMAC","ANDAHUAYLAS","ANDAHUAYLAS",NULL,NULL,NULL
"1818","030202","APURIMAC","ANDAHUAYLAS","ANDARAPA",NULL,NULL,NULL
"1819","030203","APURIMAC","ANDAHUAYLAS","CHIARA",NULL,NULL,NULL
"1820","030204","APURIMAC","ANDAHUAYLAS","HUANCARAMA",NULL,NULL,NULL
"1821","030205","APURIMAC","ANDAHUAYLAS","HUANCARAY",NULL,NULL,NULL
"1822","030206","APURIMAC","ANDAHUAYLAS","HUAYANA",NULL,NULL,NULL
"1823","030207","APURIMAC","ANDAHUAYLAS","KISHUARA",NULL,NULL,NULL
"1824","030208","APURIMAC","ANDAHUAYLAS","PACOBAMBA",NULL,NULL,NULL
"1825","030209","APURIMAC","ANDAHUAYLAS","PACUCHA",NULL,NULL,NULL
"1826","030210","APURIMAC","ANDAHUAYLAS","PAMPACHIRI",NULL,NULL,NULL
"1827","030211","APURIMAC","ANDAHUAYLAS","POMACOCHA",NULL,NULL,NULL
"1828","030212","APURIMAC","ANDAHUAYLAS","SAN ANTONIO DE CACHI",NULL,NULL,NULL
"1829","030213","APURIMAC","ANDAHUAYLAS","SAN JERONIMO",NULL,NULL,NULL
"1830","030214","APURIMAC","ANDAHUAYLAS","SAN MIGUEL DE CHACCRAMPA",NULL,NULL,NULL
"1831","030215","APURIMAC","ANDAHUAYLAS","SANTA MARIA DE CHICMO",NULL,NULL,NULL
"1832","030216","APURIMAC","ANDAHUAYLAS","TALAVERA",NULL,NULL,NULL
"1833","030217","APURIMAC","ANDAHUAYLAS","TUMAY HUARACA",NULL,NULL,NULL
"1834","030218","APURIMAC","ANDAHUAYLAS","TURPO",NULL,NULL,NULL
"1835","030219","APURIMAC","ANDAHUAYLAS","KAQUIABAMBA",NULL,NULL,NULL
"1836","030220","APURIMAC","ANDAHUAYLAS","JOSE MARIA ARGUEDAS",NULL,NULL,NULL
"1837","030301","APURIMAC","ANTABAMBA","ANTABAMBA",NULL,NULL,NULL
"1838","030302","APURIMAC","ANTABAMBA","EL ORO",NULL,NULL,NULL
"1839","030303","APURIMAC","ANTABAMBA","HUAQUIRCA",NULL,NULL,NULL
"1840","030304","APURIMAC","ANTABAMBA","JUAN ESPINOZA MEDRANO",NULL,NULL,NULL
"1841","030305","APURIMAC","ANTABAMBA","OROPESA",NULL,NULL,NULL
"1842","030306","APURIMAC","ANTABAMBA","PACHACONAS",NULL,NULL,NULL
"1843","030307","APURIMAC","ANTABAMBA","SABAINO",NULL,NULL,NULL
"1844","030401","APURIMAC","AYMARAES","CHALHUANCA",NULL,NULL,NULL
"1845","030402","APURIMAC","AYMARAES","CAPAYA",NULL,NULL,NULL
"1846","030403","APURIMAC","AYMARAES","CARAYBAMBA",NULL,NULL,NULL
"1847","030404","APURIMAC","AYMARAES","CHAPIMARCA",NULL,NULL,NULL
"1848","030405","APURIMAC","AYMARAES","COLCABAMBA",NULL,NULL,NULL
"1849","030406","APURIMAC","AYMARAES","COTARUSE",NULL,NULL,NULL
"1850","030407","APURIMAC","AYMARAES","IHUAYLLO",NULL,NULL,NULL
"1851","030408","APURIMAC","AYMARAES","JUSTO APU SAHUARAURA",NULL,NULL,NULL
"1852","030409","APURIMAC","AYMARAES","LUCRE",NULL,NULL,NULL
"1853","030410","APURIMAC","AYMARAES","POCOHUANCA",NULL,NULL,NULL
"1854","030411","APURIMAC","AYMARAES","SAN JUAN DE CHACÑA",NULL,NULL,NULL
"1855","030412","APURIMAC","AYMARAES","SAÑAYCA",NULL,NULL,NULL
"1856","030413","APURIMAC","AYMARAES","SORAYA",NULL,NULL,NULL
"1857","030414","APURIMAC","AYMARAES","TAPAIRIHUA",NULL,NULL,NULL
"1858","030415","APURIMAC","AYMARAES","TINTAY",NULL,NULL,NULL
"1859","030416","APURIMAC","AYMARAES","TORAYA",NULL,NULL,NULL
"1860","030417","APURIMAC","AYMARAES","YANACA",NULL,NULL,NULL
"1861","030501","APURIMAC","COTABAMBAS","TAMBOBAMBA",NULL,NULL,NULL
"1862","030502","APURIMAC","COTABAMBAS","COTABAMBAS",NULL,NULL,NULL
"1863","030503","APURIMAC","COTABAMBAS","COYLLURQUI",NULL,NULL,NULL
"1864","030504","APURIMAC","COTABAMBAS","HAQUIRA",NULL,NULL,NULL
"1865","030505","APURIMAC","COTABAMBAS","MARA",NULL,NULL,NULL
"1866","030506","APURIMAC","COTABAMBAS","CHALLHUAHUACHO",NULL,NULL,NULL
"1867","030601","APURIMAC","CHINCHEROS","CHINCHEROS",NULL,NULL,NULL
"1868","030602","APURIMAC","CHINCHEROS","ANCO_HUALLO",NULL,NULL,NULL
"1869","030603","APURIMAC","CHINCHEROS","COCHARCAS",NULL,NULL,NULL
"1870","030604","APURIMAC","CHINCHEROS","HUACCANA",NULL,NULL,NULL
"1871","030605","APURIMAC","CHINCHEROS","OCOBAMBA",NULL,NULL,NULL
"1872","030606","APURIMAC","CHINCHEROS","ONGOY",NULL,NULL,NULL
"1873","030607","APURIMAC","CHINCHEROS","URANMARCA",NULL,NULL,NULL
"1874","030608","APURIMAC","CHINCHEROS","RANRACANCHA",NULL,NULL,NULL
"1875","030609","APURIMAC","CHINCHEROS","ROCCHACC",NULL,NULL,NULL
"1876","030610","APURIMAC","CHINCHEROS","EL PORVENIR",NULL,NULL,NULL
"1877","030611","APURIMAC","CHINCHEROS","LOS CHANKAS",NULL,NULL,NULL
"1878","030612","APURIMAC","CHINCHEROS","AHUAYRO",NULL,NULL,NULL
"1879","030701","APURIMAC","GRAU","CHUQUIBAMBILLA",NULL,NULL,NULL
"1880","030702","APURIMAC","GRAU","CURPAHUASI",NULL,NULL,NULL
"1881","030703","APURIMAC","GRAU","GAMARRA",NULL,NULL,NULL
"1882","030704","APURIMAC","GRAU","HUAYLLATI",NULL,NULL,NULL
"1883","030705","APURIMAC","GRAU","MAMARA",NULL,NULL,NULL
"1884","030706","APURIMAC","GRAU","MICAELA BASTIDAS",NULL,NULL,NULL
"1885","030707","APURIMAC","GRAU","PATAYPAMPA",NULL,NULL,NULL
"1886","030708","APURIMAC","GRAU","PROGRESO",NULL,NULL,NULL
"1887","030709","APURIMAC","GRAU","SAN ANTONIO",NULL,NULL,NULL
"1888","030710","APURIMAC","GRAU","SANTA ROSA",NULL,NULL,NULL
"1889","030711","APURIMAC","GRAU","TURPAY",NULL,NULL,NULL
"1890","030712","APURIMAC","GRAU","VILCABAMBA",NULL,NULL,NULL
"1891","030713","APURIMAC","GRAU","VIRUNDO",NULL,NULL,NULL
"1892","030714","APURIMAC","GRAU","CURASCO",NULL,NULL,NULL
"1893","040101","AREQUIPA","AREQUIPA","AREQUIPA",NULL,NULL,NULL
"1894","040102","AREQUIPA","AREQUIPA","ALTO SELVA ALEGRE",NULL,NULL,NULL
"1895","040103","AREQUIPA","AREQUIPA","CAYMA",NULL,NULL,NULL
"1896","040104","AREQUIPA","AREQUIPA","CERRO COLORADO",NULL,NULL,NULL
"1897","040105","AREQUIPA","AREQUIPA","CHARACATO",NULL,NULL,NULL
"1898","040106","AREQUIPA","AREQUIPA","CHIGUATA",NULL,NULL,NULL
"1899","040107","AREQUIPA","AREQUIPA","JACOBO HUNTER",NULL,NULL,NULL
"1900","040108","AREQUIPA","AREQUIPA","LA JOYA",NULL,NULL,NULL
"1901","040109","AREQUIPA","AREQUIPA","MARIANO MELGAR",NULL,NULL,NULL
"1902","040110","AREQUIPA","AREQUIPA","MIRAFLORES",NULL,NULL,NULL
"1903","040111","AREQUIPA","AREQUIPA","MOLLEBAYA",NULL,NULL,NULL
"1904","040112","AREQUIPA","AREQUIPA","PAUCARPATA",NULL,NULL,NULL
"1905","040113","AREQUIPA","AREQUIPA","POCSI",NULL,NULL,NULL
"1906","040114","AREQUIPA","AREQUIPA","POLOBAYA",NULL,NULL,NULL
"1907","040115","AREQUIPA","AREQUIPA","QUEQUEÑA",NULL,NULL,NULL
"1908","040116","AREQUIPA","AREQUIPA","SABANDIA",NULL,NULL,NULL
"1909","040117","AREQUIPA","AREQUIPA","SACHACA",NULL,NULL,NULL
"1910","040118","AREQUIPA","AREQUIPA","SAN JUAN DE SIGUAS",NULL,NULL,NULL
"1911","040119","AREQUIPA","AREQUIPA","SAN JUAN DE TARUCANI",NULL,NULL,NULL
"1912","040120","AREQUIPA","AREQUIPA","SANTA ISABEL DE SIGUAS",NULL,NULL,NULL
"1913","040121","AREQUIPA","AREQUIPA","SANTA RITA DE SIGUAS",NULL,NULL,NULL
"1914","040122","AREQUIPA","AREQUIPA","SOCABAYA",NULL,NULL,NULL
"1915","040123","AREQUIPA","AREQUIPA","TIABAYA",NULL,NULL,NULL
"1916","040124","AREQUIPA","AREQUIPA","UCHUMAYO",NULL,NULL,NULL
"1917","040125","AREQUIPA","AREQUIPA","VITOR",NULL,NULL,NULL
"1918","040126","AREQUIPA","AREQUIPA","YANAHUARA",NULL,NULL,NULL
"1919","040127","AREQUIPA","AREQUIPA","YARABAMBA",NULL,NULL,NULL
"1920","040128","AREQUIPA","AREQUIPA","YURA",NULL,NULL,NULL
"1921","040129","AREQUIPA","AREQUIPA","JOSE LUIS BUSTAMANTE Y RIVERO",NULL,NULL,NULL
"1922","040201","AREQUIPA","CAMANA","CAMANA",NULL,NULL,NULL
"1923","040202","AREQUIPA","CAMANA","JOSE MARIA QUIMPER",NULL,NULL,NULL
"1924","040203","AREQUIPA","CAMANA","MARIANO NICOLAS VALCARCEL",NULL,NULL,NULL
"1925","040204","AREQUIPA","CAMANA","MARISCAL CACERES",NULL,NULL,NULL
"1926","040205","AREQUIPA","CAMANA","NICOLAS DE PIEROLA",NULL,NULL,NULL
"1927","040206","AREQUIPA","CAMANA","OCOÑA",NULL,NULL,NULL
"1928","040207","AREQUIPA","CAMANA","QUILCA",NULL,NULL,NULL
"1929","040208","AREQUIPA","CAMANA","SAMUEL PASTOR",NULL,NULL,NULL
"1930","040301","AREQUIPA","CARAVELI","CARAVELI",NULL,NULL,NULL
"1931","040302","AREQUIPA","CARAVELI","ACARI",NULL,NULL,NULL
"1932","040303","AREQUIPA","CARAVELI","ATICO",NULL,NULL,NULL
"1933","040304","AREQUIPA","CARAVELI","ATIQUIPA",NULL,NULL,NULL
"1934","040305","AREQUIPA","CARAVELI","BELLA UNION",NULL,NULL,NULL
"1935","040306","AREQUIPA","CARAVELI","CAHUACHO",NULL,NULL,NULL
"1936","040307","AREQUIPA","CARAVELI","CHALA",NULL,NULL,NULL
"1937","040308","AREQUIPA","CARAVELI","CHAPARRA",NULL,NULL,NULL
"1938","040309","AREQUIPA","CARAVELI","HUANUHUANU",NULL,NULL,NULL
"1939","040310","AREQUIPA","CARAVELI","JAQUI",NULL,NULL,NULL
"1940","040311","AREQUIPA","CARAVELI","LOMAS",NULL,NULL,NULL
"1941","040312","AREQUIPA","CARAVELI","QUICACHA",NULL,NULL,NULL
"1942","040313","AREQUIPA","CARAVELI","YAUCA",NULL,NULL,NULL
"1943","040401","AREQUIPA","CASTILLA","APLAO",NULL,NULL,NULL
"1944","040402","AREQUIPA","CASTILLA","ANDAGUA",NULL,NULL,NULL
"1945","040403","AREQUIPA","CASTILLA","AYO",NULL,NULL,NULL
"1946","040404","AREQUIPA","CASTILLA","CHACHAS",NULL,NULL,NULL
"1947","040405","AREQUIPA","CASTILLA","CHILCAYMARCA",NULL,NULL,NULL
"1948","040406","AREQUIPA","CASTILLA","CHOCO",NULL,NULL,NULL
"1949","040407","AREQUIPA","CASTILLA","HUANCARQUI",NULL,NULL,NULL
"1950","040408","AREQUIPA","CASTILLA","MACHAGUAY",NULL,NULL,NULL
"1951","040409","AREQUIPA","CASTILLA","ORCOPAMPA",NULL,NULL,NULL
"1952","040410","AREQUIPA","CASTILLA","PAMPACOLCA",NULL,NULL,NULL
"1953","040411","AREQUIPA","CASTILLA","TIPAN",NULL,NULL,NULL
"1954","040412","AREQUIPA","CASTILLA","UÑON",NULL,NULL,NULL
"1955","040413","AREQUIPA","CASTILLA","URACA",NULL,NULL,NULL
"1956","040414","AREQUIPA","CASTILLA","VIRACO",NULL,NULL,NULL
"1957","040501","AREQUIPA","CAYLLOMA","CHIVAY",NULL,NULL,NULL
"1958","040502","AREQUIPA","CAYLLOMA","ACHOMA",NULL,NULL,NULL
"1959","040503","AREQUIPA","CAYLLOMA","CABANACONDE",NULL,NULL,NULL
"1960","040504","AREQUIPA","CAYLLOMA","CALLALLI",NULL,NULL,NULL
"1961","040505","AREQUIPA","CAYLLOMA","CAYLLOMA",NULL,NULL,NULL
"1962","040506","AREQUIPA","CAYLLOMA","COPORAQUE",NULL,NULL,NULL
"1963","040507","AREQUIPA","CAYLLOMA","HUAMBO",NULL,NULL,NULL
"1964","040508","AREQUIPA","CAYLLOMA","HUANCA",NULL,NULL,NULL
"1965","040509","AREQUIPA","CAYLLOMA","ICHUPAMPA",NULL,NULL,NULL
"1966","040510","AREQUIPA","CAYLLOMA","LARI",NULL,NULL,NULL
"1967","040511","AREQUIPA","CAYLLOMA","LLUTA",NULL,NULL,NULL
"1968","040512","AREQUIPA","CAYLLOMA","MACA",NULL,NULL,NULL
"1969","040513","AREQUIPA","CAYLLOMA","MADRIGAL",NULL,NULL,NULL
"1970","040514","AREQUIPA","CAYLLOMA","SAN ANTONIO DE CHUCA",NULL,NULL,NULL
"1971","040515","AREQUIPA","CAYLLOMA","SIBAYO",NULL,NULL,NULL
"1972","040516","AREQUIPA","CAYLLOMA","TAPAY",NULL,NULL,NULL
"1973","040517","AREQUIPA","CAYLLOMA","TISCO",NULL,NULL,NULL
"1974","040518","AREQUIPA","CAYLLOMA","TUTI",NULL,NULL,NULL
"1975","040519","AREQUIPA","CAYLLOMA","YANQUE",NULL,NULL,NULL
"1976","040520","AREQUIPA","CAYLLOMA","MAJES",NULL,NULL,NULL
"1977","040601","AREQUIPA","CONDESUYOS","CHUQUIBAMBA",NULL,NULL,NULL
"1978","040602","AREQUIPA","CONDESUYOS","ANDARAY",NULL,NULL,NULL
"1979","040603","AREQUIPA","CONDESUYOS","CAYARANI",NULL,NULL,NULL
"1980","040604","AREQUIPA","CONDESUYOS","CHICHAS",NULL,NULL,NULL
"1981","040605","AREQUIPA","CONDESUYOS","IRAY",NULL,NULL,NULL
"1982","040606","AREQUIPA","CONDESUYOS","RIO GRANDE",NULL,NULL,NULL
"1983","040607","AREQUIPA","CONDESUYOS","SALAMANCA",NULL,NULL,NULL
"1984","040608","AREQUIPA","CONDESUYOS","YANAQUIHUA",NULL,NULL,NULL
"1985","040701","AREQUIPA","ISLAY","MOLLENDO",NULL,NULL,NULL
"1986","040702","AREQUIPA","ISLAY","COCACHACRA",NULL,NULL,NULL
"1987","040703","AREQUIPA","ISLAY","DEAN VALDIVIA",NULL,NULL,NULL
"1988","040704","AREQUIPA","ISLAY","ISLAY",NULL,NULL,NULL
"1989","040705","AREQUIPA","ISLAY","MEJIA",NULL,NULL,NULL
"1990","040706","AREQUIPA","ISLAY","PUNTA DE BOMBON",NULL,NULL,NULL
"1991","040801","AREQUIPA","LA UNION","COTAHUASI",NULL,NULL,NULL
"1992","040802","AREQUIPA","LA UNION","ALCA",NULL,NULL,NULL
"1993","040803","AREQUIPA","LA UNION","CHARCANA",NULL,NULL,NULL
"1994","040804","AREQUIPA","LA UNION","HUAYNACOTAS",NULL,NULL,NULL
"1995","040805","AREQUIPA","LA UNION","PAMPAMARCA",NULL,NULL,NULL
"1996","040806","AREQUIPA","LA UNION","PUYCA",NULL,NULL,NULL
"1997","040807","AREQUIPA","LA UNION","QUECHUALLA",NULL,NULL,NULL
"1998","040808","AREQUIPA","LA UNION","SAYLA",NULL,NULL,NULL
"1999","040809","AREQUIPA","LA UNION","TAURIA",NULL,NULL,NULL
"2000","040810","AREQUIPA","LA UNION","TOMEPAMPA",NULL,NULL,NULL
"2001","040811","AREQUIPA","LA UNION","TORO",NULL,NULL,NULL
"2002","050101","AYACUCHO","HUAMANGA","AYACUCHO",NULL,NULL,NULL
"2003","050102","AYACUCHO","HUAMANGA","ACOCRO",NULL,NULL,NULL
"2004","050103","AYACUCHO","HUAMANGA","ACOS VINCHOS",NULL,NULL,NULL
"2005","050104","AYACUCHO","HUAMANGA","CARMEN ALTO",NULL,NULL,NULL
"2006","050105","AYACUCHO","HUAMANGA","CHIARA",NULL,NULL,NULL
"2007","050106","AYACUCHO","HUAMANGA","OCROS",NULL,NULL,NULL
"2008","050107","AYACUCHO","HUAMANGA","PACAYCASA",NULL,NULL,NULL
"2009","050108","AYACUCHO","HUAMANGA","QUINUA",NULL,NULL,NULL
"2010","050109","AYACUCHO","HUAMANGA","SAN JOSE DE TICLLAS",NULL,NULL,NULL
"2011","050110","AYACUCHO","HUAMANGA","SAN JUAN BAUTISTA",NULL,NULL,NULL
"2012","050111","AYACUCHO","HUAMANGA","SANTIAGO DE PISCHA",NULL,NULL,NULL
"2013","050112","AYACUCHO","HUAMANGA","SOCOS",NULL,NULL,NULL
"2014","050113","AYACUCHO","HUAMANGA","TAMBILLO",NULL,NULL,NULL
"2015","050114","AYACUCHO","HUAMANGA","VINCHOS",NULL,NULL,NULL
"2016","050115","AYACUCHO","HUAMANGA","JESUS NAZARENO",NULL,NULL,NULL
"2017","050116","AYACUCHO","HUAMANGA","ANDRES AVELINO CACERES DORREGARAY",NULL,NULL,NULL
"2018","050201","AYACUCHO","CANGALLO","CANGALLO",NULL,NULL,NULL
"2019","050202","AYACUCHO","CANGALLO","CHUSCHI",NULL,NULL,NULL
"2020","050203","AYACUCHO","CANGALLO","LOS MOROCHUCOS",NULL,NULL,NULL
"2021","050204","AYACUCHO","CANGALLO","MARIA PARADO DE BELLIDO",NULL,NULL,NULL
"2022","050205","AYACUCHO","CANGALLO","PARAS",NULL,NULL,NULL
"2023","050206","AYACUCHO","CANGALLO","TOTOS",NULL,NULL,NULL
"2024","050301","AYACUCHO","HUANCA SANCOS","SANCOS",NULL,NULL,NULL
"2025","050302","AYACUCHO","HUANCA SANCOS","CARAPO",NULL,NULL,NULL
"2026","050303","AYACUCHO","HUANCA SANCOS","SACSAMARCA",NULL,NULL,NULL
"2027","050304","AYACUCHO","HUANCA SANCOS","SANTIAGO DE LUCANAMARCA",NULL,NULL,NULL
"2028","050401","AYACUCHO","HUANTA","HUANTA",NULL,NULL,NULL
"2029","050402","AYACUCHO","HUANTA","AYAHUANCO",NULL,NULL,NULL
"2030","050403","AYACUCHO","HUANTA","HUAMANGUILLA",NULL,NULL,NULL
"2031","050404","AYACUCHO","HUANTA","IGUAIN",NULL,NULL,NULL
"2032","050405","AYACUCHO","HUANTA","LURICOCHA",NULL,NULL,NULL
"2033","050406","AYACUCHO","HUANTA","SANTILLANA",NULL,NULL,NULL
"2034","050407","AYACUCHO","HUANTA","SIVIA",NULL,NULL,NULL
"2035","050408","AYACUCHO","HUANTA","LLOCHEGUA",NULL,NULL,NULL
"2036","050409","AYACUCHO","HUANTA","CANAYRE",NULL,NULL,NULL
"2037","050410","AYACUCHO","HUANTA","UCHURACCAY",NULL,NULL,NULL
"2038","050411","AYACUCHO","HUANTA","PUCACOLPA",NULL,NULL,NULL
"2039","050412","AYACUCHO","HUANTA","CHACA",NULL,NULL,NULL
"2040","050413","AYACUCHO","HUANTA","PUTIS",NULL,NULL,NULL
"2041","050501","AYACUCHO","LA MAR","SAN MIGUEL",NULL,NULL,NULL
"2042","050502","AYACUCHO","LA MAR","ANCO",NULL,NULL,NULL
"2043","050503","AYACUCHO","LA MAR","AYNA",NULL,NULL,NULL
"2044","050504","AYACUCHO","LA MAR","CHILCAS",NULL,NULL,NULL
"2045","050505","AYACUCHO","LA MAR","CHUNGUI",NULL,NULL,NULL
"2046","050506","AYACUCHO","LA MAR","LUIS CARRANZA",NULL,NULL,NULL
"2047","050507","AYACUCHO","LA MAR","SANTA ROSA",NULL,NULL,NULL
"2048","050508","AYACUCHO","LA MAR","TAMBO",NULL,NULL,NULL
"2049","050509","AYACUCHO","LA MAR","SAMUGARI",NULL,NULL,NULL
"2050","050510","AYACUCHO","LA MAR","ANCHIHUAY",NULL,NULL,NULL
"2051","050511","AYACUCHO","LA MAR","ORONCCOY",NULL,NULL,NULL
"2052","050512","AYACUCHO","LA MAR","UNION PROGRESO",NULL,NULL,NULL
"2053","050513","AYACUCHO","LA MAR","RIO MAGDALENA",NULL,NULL,NULL
"2054","050514","AYACUCHO","LA MAR","NINABAMBA",NULL,NULL,NULL
"2055","050515","AYACUCHO","LA MAR","PATIBAMBA",NULL,NULL,NULL
"2056","050601","AYACUCHO","LUCANAS","PUQUIO",NULL,NULL,NULL
"2057","050602","AYACUCHO","LUCANAS","AUCARA",NULL,NULL,NULL
"2058","050603","AYACUCHO","LUCANAS","CABANA",NULL,NULL,NULL
"2059","050604","AYACUCHO","LUCANAS","CARMEN SALCEDO",NULL,NULL,NULL
"2060","050605","AYACUCHO","LUCANAS","CHAVIÑA",NULL,NULL,NULL
"2061","050606","AYACUCHO","LUCANAS","CHIPAO",NULL,NULL,NULL
"2062","050607","AYACUCHO","LUCANAS","HUAC-HUAS",NULL,NULL,NULL
"2063","050608","AYACUCHO","LUCANAS","LARAMATE",NULL,NULL,NULL
"2064","050609","AYACUCHO","LUCANAS","LEONCIO PRADO",NULL,NULL,NULL
"2065","050610","AYACUCHO","LUCANAS","LLAUTA",NULL,NULL,NULL
"2066","050611","AYACUCHO","LUCANAS","LUCANAS",NULL,NULL,NULL
"2067","050612","AYACUCHO","LUCANAS","OCAÑA",NULL,NULL,NULL
"2068","050613","AYACUCHO","LUCANAS","OTOCA",NULL,NULL,NULL
"2069","050614","AYACUCHO","LUCANAS","SAISA",NULL,NULL,NULL
"2070","050615","AYACUCHO","LUCANAS","SAN CRISTOBAL",NULL,NULL,NULL
"2071","050616","AYACUCHO","LUCANAS","SAN JUAN",NULL,NULL,NULL
"2072","050617","AYACUCHO","LUCANAS","SAN PEDRO",NULL,NULL,NULL
"2073","050618","AYACUCHO","LUCANAS","SAN PEDRO DE PALCO",NULL,NULL,NULL
"2074","050619","AYACUCHO","LUCANAS","SANCOS",NULL,NULL,NULL
"2075","050620","AYACUCHO","LUCANAS","SANTA ANA DE HUAYCAHUACHO",NULL,NULL,NULL
"2076","050621","AYACUCHO","LUCANAS","SANTA LUCIA",NULL,NULL,NULL
"2077","050701","AYACUCHO","PARINACOCHAS","CORACORA",NULL,NULL,NULL
"2078","050702","AYACUCHO","PARINACOCHAS","CHUMPI",NULL,NULL,NULL
"2079","050703","AYACUCHO","PARINACOCHAS","CORONEL CASTAÑEDA",NULL,NULL,NULL
"2080","050704","AYACUCHO","PARINACOCHAS","PACAPAUSA",NULL,NULL,NULL
"2081","050705","AYACUCHO","PARINACOCHAS","PULLO",NULL,NULL,NULL
"2082","050706","AYACUCHO","PARINACOCHAS","PUYUSCA",NULL,NULL,NULL
"2083","050707","AYACUCHO","PARINACOCHAS","SAN FRANCISCO DE RIVACAYCO",NULL,NULL,NULL
"2084","050708","AYACUCHO","PARINACOCHAS","UPAHUACHO",NULL,NULL,NULL
"2085","050801","AYACUCHO","PAUCAR DEL SARA SARA","PAUSA",NULL,NULL,NULL
"2086","050802","AYACUCHO","PAUCAR DEL SARA SARA","COLTA",NULL,NULL,NULL
"2087","050803","AYACUCHO","PAUCAR DEL SARA SARA","CORCULLA",NULL,NULL,NULL
"2088","050804","AYACUCHO","PAUCAR DEL SARA SARA","LAMPA",NULL,NULL,NULL
"2089","050805","AYACUCHO","PAUCAR DEL SARA SARA","MARCABAMBA",NULL,NULL,NULL
"2090","050806","AYACUCHO","PAUCAR DEL SARA SARA","OYOLO",NULL,NULL,NULL
"2091","050807","AYACUCHO","PAUCAR DEL SARA SARA","PARARCA",NULL,NULL,NULL
"2092","050808","AYACUCHO","PAUCAR DEL SARA SARA","SAN JAVIER DE ALPABAMBA",NULL,NULL,NULL
"2093","050809","AYACUCHO","PAUCAR DEL SARA SARA","SAN JOSE DE USHUA",NULL,NULL,NULL
"2094","050810","AYACUCHO","PAUCAR DEL SARA SARA","SARA SARA",NULL,NULL,NULL
"2095","050901","AYACUCHO","SUCRE","QUEROBAMBA",NULL,NULL,NULL
"2096","050902","AYACUCHO","SUCRE","BELEN",NULL,NULL,NULL
"2097","050903","AYACUCHO","SUCRE","CHALCOS",NULL,NULL,NULL
"2098","050904","AYACUCHO","SUCRE","CHILCAYOC",NULL,NULL,NULL
"2099","050905","AYACUCHO","SUCRE","HUACAÑA",NULL,NULL,NULL
"2100","050906","AYACUCHO","SUCRE","MORCOLLA",NULL,NULL,NULL
"2101","050907","AYACUCHO","SUCRE","PAICO",NULL,NULL,NULL
"2102","050908","AYACUCHO","SUCRE","SAN PEDRO DE LARCAY",NULL,NULL,NULL
"2103","050909","AYACUCHO","SUCRE","SAN SALVADOR DE QUIJE",NULL,NULL,NULL
"2104","050910","AYACUCHO","SUCRE","SANTIAGO DE PAUCARAY",NULL,NULL,NULL
"2105","050911","AYACUCHO","SUCRE","SORAS",NULL,NULL,NULL
"2106","051001","AYACUCHO","VICTOR FAJARDO","HUANCAPI",NULL,NULL,NULL
"2107","051002","AYACUCHO","VICTOR FAJARDO","ALCAMENCA",NULL,NULL,NULL
"2108","051003","AYACUCHO","VICTOR FAJARDO","APONGO",NULL,NULL,NULL
"2109","051004","AYACUCHO","VICTOR FAJARDO","ASQUIPATA",NULL,NULL,NULL
"2110","051005","AYACUCHO","VICTOR FAJARDO","CANARIA",NULL,NULL,NULL
"2111","051006","AYACUCHO","VICTOR FAJARDO","CAYARA",NULL,NULL,NULL
"2112","051007","AYACUCHO","VICTOR FAJARDO","COLCA",NULL,NULL,NULL
"2113","051008","AYACUCHO","VICTOR FAJARDO","HUAMANQUIQUIA",NULL,NULL,NULL
"2114","051009","AYACUCHO","VICTOR FAJARDO","HUANCARAYLLA",NULL,NULL,NULL
"2115","051010","AYACUCHO","VICTOR FAJARDO","HUALLA",NULL,NULL,NULL
"2116","051011","AYACUCHO","VICTOR FAJARDO","SARHUA",NULL,NULL,NULL
"2117","051012","AYACUCHO","VICTOR FAJARDO","VILCANCHOS",NULL,NULL,NULL
"2118","051101","AYACUCHO","VILCAS HUAMAN","VILCAS HUAMAN",NULL,NULL,NULL
"2119","051102","AYACUCHO","VILCAS HUAMAN","ACCOMARCA",NULL,NULL,NULL
"2120","051103","AYACUCHO","VILCAS HUAMAN","CARHUANCA",NULL,NULL,NULL
"2121","051104","AYACUCHO","VILCAS HUAMAN","CONCEPCION",NULL,NULL,NULL
"2122","051105","AYACUCHO","VILCAS HUAMAN","HUAMBALPA",NULL,NULL,NULL
"2123","051106","AYACUCHO","VILCAS HUAMAN","INDEPENDENCIA",NULL,NULL,NULL
"2124","051107","AYACUCHO","VILCAS HUAMAN","SAURAMA",NULL,NULL,NULL
"2125","051108","AYACUCHO","VILCAS HUAMAN","VISCHONGO",NULL,NULL,NULL
"2126","060101","CAJAMARCA","CAJAMARCA","CAJAMARCA",NULL,NULL,NULL
"2127","060102","CAJAMARCA","CAJAMARCA","ASUNCION",NULL,NULL,NULL
"2128","060103","CAJAMARCA","CAJAMARCA","CHETILLA",NULL,NULL,NULL
"2129","060104","CAJAMARCA","CAJAMARCA","COSPAN",NULL,NULL,NULL
"2130","060105","CAJAMARCA","CAJAMARCA","ENCAÑADA",NULL,NULL,NULL
"2131","060106","CAJAMARCA","CAJAMARCA","JESUS",NULL,NULL,NULL
"2132","060107","CAJAMARCA","CAJAMARCA","LLACANORA",NULL,NULL,NULL
"2133","060108","CAJAMARCA","CAJAMARCA","LOS BAÑOS DEL INCA",NULL,NULL,NULL
"2134","060109","CAJAMARCA","CAJAMARCA","MAGDALENA",NULL,NULL,NULL
"2135","060110","CAJAMARCA","CAJAMARCA","MATARA",NULL,NULL,NULL
"2136","060111","CAJAMARCA","CAJAMARCA","NAMORA",NULL,NULL,NULL
"2137","060112","CAJAMARCA","CAJAMARCA","SAN JUAN",NULL,NULL,NULL
"2138","060201","CAJAMARCA","CAJABAMBA","CAJABAMBA",NULL,NULL,NULL
"2139","060202","CAJAMARCA","CAJABAMBA","CACHACHI",NULL,NULL,NULL
"2140","060203","CAJAMARCA","CAJABAMBA","CONDEBAMBA",NULL,NULL,NULL
"2141","060204","CAJAMARCA","CAJABAMBA","SITACOCHA",NULL,NULL,NULL
"2142","060301","CAJAMARCA","CELENDIN","CELENDIN",NULL,NULL,NULL
"2143","060302","CAJAMARCA","CELENDIN","CHUMUCH",NULL,NULL,NULL
"2144","060303","CAJAMARCA","CELENDIN","CORTEGANA",NULL,NULL,NULL
"2145","060304","CAJAMARCA","CELENDIN","HUASMIN",NULL,NULL,NULL
"2146","060305","CAJAMARCA","CELENDIN","JORGE CHAVEZ",NULL,NULL,NULL
"2147","060306","CAJAMARCA","CELENDIN","JOSE GALVEZ",NULL,NULL,NULL
"2148","060307","CAJAMARCA","CELENDIN","MIGUEL IGLESIAS",NULL,NULL,NULL
"2149","060308","CAJAMARCA","CELENDIN","OXAMARCA",NULL,NULL,NULL
"2150","060309","CAJAMARCA","CELENDIN","SOROCHUCO",NULL,NULL,NULL
"2151","060310","CAJAMARCA","CELENDIN","SUCRE",NULL,NULL,NULL
"2152","060311","CAJAMARCA","CELENDIN","UTCO",NULL,NULL,NULL
"2153","060312","CAJAMARCA","CELENDIN","LA LIBERTAD DE PALLAN",NULL,NULL,NULL
"2154","060401","CAJAMARCA","CHOTA","CHOTA",NULL,NULL,NULL
"2155","060402","CAJAMARCA","CHOTA","ANGUIA",NULL,NULL,NULL
"2156","060403","CAJAMARCA","CHOTA","CHADIN",NULL,NULL,NULL
"2157","060404","CAJAMARCA","CHOTA","CHIGUIRIP",NULL,NULL,NULL
"2158","060405","CAJAMARCA","CHOTA","CHIMBAN",NULL,NULL,NULL
"2159","060406","CAJAMARCA","CHOTA","CHOROPAMPA",NULL,NULL,NULL
"2160","060407","CAJAMARCA","CHOTA","COCHABAMBA",NULL,NULL,NULL
"2161","060408","CAJAMARCA","CHOTA","CONCHAN",NULL,NULL,NULL
"2162","060409","CAJAMARCA","CHOTA","HUAMBOS",NULL,NULL,NULL
"2163","060410","CAJAMARCA","CHOTA","LAJAS",NULL,NULL,NULL
"2164","060411","CAJAMARCA","CHOTA","LLAMA",NULL,NULL,NULL
"2165","060412","CAJAMARCA","CHOTA","MIRACOSTA",NULL,NULL,NULL
"2166","060413","CAJAMARCA","CHOTA","PACCHA",NULL,NULL,NULL
"2167","060414","CAJAMARCA","CHOTA","PION",NULL,NULL,NULL
"2168","060415","CAJAMARCA","CHOTA","QUEROCOTO",NULL,NULL,NULL
"2169","060416","CAJAMARCA","CHOTA","SAN JUAN DE LICUPIS",NULL,NULL,NULL
"2170","060417","CAJAMARCA","CHOTA","TACABAMBA",NULL,NULL,NULL
"2171","060418","CAJAMARCA","CHOTA","TOCMOCHE",NULL,NULL,NULL
"2172","060419","CAJAMARCA","CHOTA","CHALAMARCA",NULL,NULL,NULL
"2173","060501","CAJAMARCA","CONTUMAZA","CONTUMAZA",NULL,NULL,NULL
"2174","060502","CAJAMARCA","CONTUMAZA","CHILETE",NULL,NULL,NULL
"2175","060503","CAJAMARCA","CONTUMAZA","CUPISNIQUE",NULL,NULL,NULL
"2176","060504","CAJAMARCA","CONTUMAZA","GUZMANGO",NULL,NULL,NULL
"2177","060505","CAJAMARCA","CONTUMAZA","SAN BENITO",NULL,NULL,NULL
"2178","060506","CAJAMARCA","CONTUMAZA","SANTA CRUZ DE TOLED",NULL,NULL,NULL
"2179","060507","CAJAMARCA","CONTUMAZA","TANTARICA",NULL,NULL,NULL
"2180","060508","CAJAMARCA","CONTUMAZA","YONAN",NULL,NULL,NULL
"2181","060601","CAJAMARCA","CUTERVO","CUTERVO",NULL,NULL,NULL
"2182","060602","CAJAMARCA","CUTERVO","CALLAYUC",NULL,NULL,NULL
"2183","060603","CAJAMARCA","CUTERVO","CHOROS",NULL,NULL,NULL
"2184","060604","CAJAMARCA","CUTERVO","CUJILLO",NULL,NULL,NULL
"2185","060605","CAJAMARCA","CUTERVO","LA RAMADA",NULL,NULL,NULL
"2186","060606","CAJAMARCA","CUTERVO","PIMPINGOS",NULL,NULL,NULL
"2187","060607","CAJAMARCA","CUTERVO","QUEROCOTILLO",NULL,NULL,NULL
"2188","060608","CAJAMARCA","CUTERVO","SAN ANDRES DE CUTERVO",NULL,NULL,NULL
"2189","060609","CAJAMARCA","CUTERVO","SAN JUAN DE CUTERVO",NULL,NULL,NULL
"2190","060610","CAJAMARCA","CUTERVO","SAN LUIS DE LUCMA",NULL,NULL,NULL
"2191","060611","CAJAMARCA","CUTERVO","SANTA CRUZ",NULL,NULL,NULL
"2192","060612","CAJAMARCA","CUTERVO","SANTO DOMINGO DE LA CAPILLA",NULL,NULL,NULL
"2193","060613","CAJAMARCA","CUTERVO","SANTO TOMAS",NULL,NULL,NULL
"2194","060614","CAJAMARCA","CUTERVO","SOCOTA",NULL,NULL,NULL
"2195","060615","CAJAMARCA","CUTERVO","TORIBIO CASANOVA",NULL,NULL,NULL
"2196","060701","CAJAMARCA","HUALGAYOC","BAMBAMARCA",NULL,NULL,NULL
"2197","060702","CAJAMARCA","HUALGAYOC","CHUGUR",NULL,NULL,NULL
"2198","060703","CAJAMARCA","HUALGAYOC","HUALGAYOC",NULL,NULL,NULL
"2199","060801","CAJAMARCA","JAEN","JAEN",NULL,NULL,NULL
"2200","060802","CAJAMARCA","JAEN","BELLAVISTA",NULL,NULL,NULL
"2201","060803","CAJAMARCA","JAEN","CHONTALI",NULL,NULL,NULL
"2202","060804","CAJAMARCA","JAEN","COLASAY",NULL,NULL,NULL
"2203","060805","CAJAMARCA","JAEN","HUABAL",NULL,NULL,NULL
"2204","060806","CAJAMARCA","JAEN","LAS PIRIAS",NULL,NULL,NULL
"2205","060807","CAJAMARCA","JAEN","POMAHUACA",NULL,NULL,NULL
"2206","060808","CAJAMARCA","JAEN","PUCARA",NULL,NULL,NULL
"2207","060809","CAJAMARCA","JAEN","SALLIQUE",NULL,NULL,NULL
"2208","060810","CAJAMARCA","JAEN","SAN FELIPE",NULL,NULL,NULL
"2209","060811","CAJAMARCA","JAEN","SAN JOSE DEL ALTO",NULL,NULL,NULL
"2210","060812","CAJAMARCA","JAEN","SANTA ROSA",NULL,NULL,NULL
"2211","060901","CAJAMARCA","SAN IGNACIO","SAN IGNACIO",NULL,NULL,NULL
"2212","060902","CAJAMARCA","SAN IGNACIO","CHIRINOS",NULL,NULL,NULL
"2213","060903","CAJAMARCA","SAN IGNACIO","HUARANGO",NULL,NULL,NULL
"2214","060904","CAJAMARCA","SAN IGNACIO","LA COIPA",NULL,NULL,NULL
"2215","060905","CAJAMARCA","SAN IGNACIO","NAMBALLE",NULL,NULL,NULL
"2216","060906","CAJAMARCA","SAN IGNACIO","SAN JOSE DE LOURDES",NULL,NULL,NULL
"2217","060907","CAJAMARCA","SAN IGNACIO","TABACONAS",NULL,NULL,NULL
"2218","061001","CAJAMARCA","SAN MARCOS","PEDRO GALVEZ",NULL,NULL,NULL
"2219","061002","CAJAMARCA","SAN MARCOS","CHANCAY",NULL,NULL,NULL
"2220","061003","CAJAMARCA","SAN MARCOS","EDUARDO VILLANUEVA",NULL,NULL,NULL
"2221","061004","CAJAMARCA","SAN MARCOS","GREGORIO PITA",NULL,NULL,NULL
"2222","061005","CAJAMARCA","SAN MARCOS","ICHOCAN",NULL,NULL,NULL
"2223","061006","CAJAMARCA","SAN MARCOS","JOSE MANUEL QUIROZ",NULL,NULL,NULL
"2224","061007","CAJAMARCA","SAN MARCOS","JOSE SABOGAL",NULL,NULL,NULL
"2225","061101","CAJAMARCA","SAN MIGUEL","SAN MIGUEL",NULL,NULL,NULL
"2226","061102","CAJAMARCA","SAN MIGUEL","BOLIVAR",NULL,NULL,NULL
"2227","061103","CAJAMARCA","SAN MIGUEL","CALQUIS",NULL,NULL,NULL
"2228","061104","CAJAMARCA","SAN MIGUEL","CATILLUC",NULL,NULL,NULL
"2229","061105","CAJAMARCA","SAN MIGUEL","EL PRADO",NULL,NULL,NULL
"2230","061106","CAJAMARCA","SAN MIGUEL","LA FLORIDA",NULL,NULL,NULL
"2231","061107","CAJAMARCA","SAN MIGUEL","LLAPA",NULL,NULL,NULL
"2232","061108","CAJAMARCA","SAN MIGUEL","NANCHOC",NULL,NULL,NULL
"2233","061109","CAJAMARCA","SAN MIGUEL","NIEPOS",NULL,NULL,NULL
"2234","061110","CAJAMARCA","SAN MIGUEL","SAN GREGORIO",NULL,NULL,NULL
"2235","061111","CAJAMARCA","SAN MIGUEL","SAN SILVESTRE DE COCHAN",NULL,NULL,NULL
"2236","061112","CAJAMARCA","SAN MIGUEL","TONGOD",NULL,NULL,NULL
"2237","061113","CAJAMARCA","SAN MIGUEL","UNION AGUA BLANCA",NULL,NULL,NULL
"2238","061201","CAJAMARCA","SAN PABLO","SAN PABLO",NULL,NULL,NULL
"2239","061202","CAJAMARCA","SAN PABLO","SAN BERNARDINO",NULL,NULL,NULL
"2240","061203","CAJAMARCA","SAN PABLO","SAN LUIS",NULL,NULL,NULL
"2241","061204","CAJAMARCA","SAN PABLO","TUMBADEN",NULL,NULL,NULL
"2242","061301","CAJAMARCA","SANTA CRUZ","SANTA CRUZ",NULL,NULL,NULL
"2243","061302","CAJAMARCA","SANTA CRUZ","ANDABAMBA",NULL,NULL,NULL
"2244","061303","CAJAMARCA","SANTA CRUZ","CATACHE",NULL,NULL,NULL
"2245","061304","CAJAMARCA","SANTA CRUZ","CHANCAYBAÑOS",NULL,NULL,NULL
"2246","061305","CAJAMARCA","SANTA CRUZ","LA ESPERANZA",NULL,NULL,NULL
"2247","061306","CAJAMARCA","SANTA CRUZ","NINABAMBA",NULL,NULL,NULL
"2248","061307","CAJAMARCA","SANTA CRUZ","PULAN",NULL,NULL,NULL
"2249","061308","CAJAMARCA","SANTA CRUZ","SAUCEPAMPA",NULL,NULL,NULL
"2250","061309","CAJAMARCA","SANTA CRUZ","SEXI",NULL,NULL,NULL
"2251","061310","CAJAMARCA","SANTA CRUZ","UTICYACU",NULL,NULL,NULL
"2252","061311","CAJAMARCA","SANTA CRUZ","YAUYUCAN",NULL,NULL,NULL
"2253","070101","CALLAO","CALLAO","CALLAO",NULL,NULL,NULL
"2254","070102","CALLAO","CALLAO","BELLAVISTA",NULL,NULL,NULL
"2255","070103","CALLAO","CALLAO","CARMEN DE LA LEGUA REYNOSO",NULL,NULL,NULL
"2256","070104","CALLAO","CALLAO","LA PERLA",NULL,NULL,NULL
"2257","070105","CALLAO","CALLAO","LA PUNTA",NULL,NULL,NULL
"2258","070106","CALLAO","CALLAO","VENTANILLA",NULL,NULL,NULL
"2259","070107","CALLAO","CALLAO","MI PERU",NULL,NULL,NULL
"2260","080101","CUSCO","CUSCO","CUSCO",NULL,NULL,NULL
"2261","080102","CUSCO","CUSCO","CCORCA",NULL,NULL,NULL
"2262","080103","CUSCO","CUSCO","POROY",NULL,NULL,NULL
"2263","080104","CUSCO","CUSCO","SAN JERONIMO",NULL,NULL,NULL
"2264","080105","CUSCO","CUSCO","SAN SEBASTIAN",NULL,NULL,NULL
"2265","080106","CUSCO","CUSCO","SANTIAGO",NULL,NULL,NULL
"2266","080107","CUSCO","CUSCO","SAYLLA",NULL,NULL,NULL
"2267","080108","CUSCO","CUSCO","WANCHAQ",NULL,NULL,NULL
"2268","080201","CUSCO","ACOMAYO","ACOMAYO",NULL,NULL,NULL
"2269","080202","CUSCO","ACOMAYO","ACOPIA",NULL,NULL,NULL
"2270","080203","CUSCO","ACOMAYO","ACOS",NULL,NULL,NULL
"2271","080204","CUSCO","ACOMAYO","MOSOC LLACTA",NULL,NULL,NULL
"2272","080205","CUSCO","ACOMAYO","POMACANCHI",NULL,NULL,NULL
"2273","080206","CUSCO","ACOMAYO","RONDOCAN",NULL,NULL,NULL
"2274","080207","CUSCO","ACOMAYO","SANGARARA",NULL,NULL,NULL
"2275","080301","CUSCO","ANTA","ANTA",NULL,NULL,NULL
"2276","080302","CUSCO","ANTA","ANCAHUASI",NULL,NULL,NULL
"2277","080303","CUSCO","ANTA","CACHIMAYO",NULL,NULL,NULL
"2278","080304","CUSCO","ANTA","CHINCHAYPUJIO",NULL,NULL,NULL
"2279","080305","CUSCO","ANTA","HUAROCONDO",NULL,NULL,NULL
"2280","080306","CUSCO","ANTA","LIMATAMBO",NULL,NULL,NULL
"2281","080307","CUSCO","ANTA","MOLLEPATA",NULL,NULL,NULL
"2282","080308","CUSCO","ANTA","PUCYURA",NULL,NULL,NULL
"2283","080309","CUSCO","ANTA","ZURITE",NULL,NULL,NULL
"2284","080401","CUSCO","CALCA","CALCA",NULL,NULL,NULL
"2285","080402","CUSCO","CALCA","COYA",NULL,NULL,NULL
"2286","080403","CUSCO","CALCA","LAMAY",NULL,NULL,NULL
"2287","080404","CUSCO","CALCA","LARES",NULL,NULL,NULL
"2288","080405","CUSCO","CALCA","PISAC",NULL,NULL,NULL
"2289","080406","CUSCO","CALCA","SAN SALVADOR",NULL,NULL,NULL
"2290","080407","CUSCO","CALCA","TARAY",NULL,NULL,NULL
"2291","080408","CUSCO","CALCA","YANATILE",NULL,NULL,NULL
"2292","080501","CUSCO","CANAS","YANAOCA",NULL,NULL,NULL
"2293","080502","CUSCO","CANAS","CHECCA",NULL,NULL,NULL
"2294","080503","CUSCO","CANAS","KUNTURKANKI",NULL,NULL,NULL
"2295","080504","CUSCO","CANAS","LANGUI",NULL,NULL,NULL
"2296","080505","CUSCO","CANAS","LAYO",NULL,NULL,NULL
"2297","080506","CUSCO","CANAS","PAMPAMARCA",NULL,NULL,NULL
"2298","080507","CUSCO","CANAS","QUEHUE",NULL,NULL,NULL
"2299","080508","CUSCO","CANAS","TUPAC AMARU",NULL,NULL,NULL
"2300","080601","CUSCO","CANCHIS","SICUANI",NULL,NULL,NULL
"2301","080602","CUSCO","CANCHIS","CHECACUPE",NULL,NULL,NULL
"2302","080603","CUSCO","CANCHIS","COMBAPATA",NULL,NULL,NULL
"2303","080604","CUSCO","CANCHIS","MARANGANI",NULL,NULL,NULL
"2304","080605","CUSCO","CANCHIS","PITUMARCA",NULL,NULL,NULL
"2305","080606","CUSCO","CANCHIS","SAN PABLO",NULL,NULL,NULL
"2306","080607","CUSCO","CANCHIS","SAN PEDRO",NULL,NULL,NULL
"2307","080608","CUSCO","CANCHIS","TINTA",NULL,NULL,NULL
"2308","080701","CUSCO","CHUMBIVILCAS","SANTO TOMAS",NULL,NULL,NULL
"2309","080702","CUSCO","CHUMBIVILCAS","CAPACMARCA",NULL,NULL,NULL
"2310","080703","CUSCO","CHUMBIVILCAS","CHAMACA",NULL,NULL,NULL
"2311","080704","CUSCO","CHUMBIVILCAS","COLQUEMARCA",NULL,NULL,NULL
"2312","080705","CUSCO","CHUMBIVILCAS","LIVITACA",NULL,NULL,NULL
"2313","080706","CUSCO","CHUMBIVILCAS","LLUSCO",NULL,NULL,NULL
"2314","080707","CUSCO","CHUMBIVILCAS","QUIÑOTA",NULL,NULL,NULL
"2315","080708","CUSCO","CHUMBIVILCAS","VELILLE",NULL,NULL,NULL
"2316","080801","CUSCO","ESPINAR","ESPINAR",NULL,NULL,NULL
"2317","080802","CUSCO","ESPINAR","CONDOROMA",NULL,NULL,NULL
"2318","080803","CUSCO","ESPINAR","COPORAQUE",NULL,NULL,NULL
"2319","080804","CUSCO","ESPINAR","OCORURO",NULL,NULL,NULL
"2320","080805","CUSCO","ESPINAR","PALLPATA",NULL,NULL,NULL
"2321","080806","CUSCO","ESPINAR","PICHIGUA",NULL,NULL,NULL
"2322","080807","CUSCO","ESPINAR","SUYCKUTAMBO",NULL,NULL,NULL
"2323","080808","CUSCO","ESPINAR","ALTO PICHIGUA",NULL,NULL,NULL
"2324","080901","CUSCO","LA CONVENCION","SANTA ANA",NULL,NULL,NULL
"2325","080902","CUSCO","LA CONVENCION","ECHARATE",NULL,NULL,NULL
"2326","080903","CUSCO","LA CONVENCION","HUAYOPATA",NULL,NULL,NULL
"2327","080904","CUSCO","LA CONVENCION","MARANURA",NULL,NULL,NULL
"2328","080905","CUSCO","LA CONVENCION","OCOBAMBA",NULL,NULL,NULL
"2329","080906","CUSCO","LA CONVENCION","QUELLOUNO",NULL,NULL,NULL
"2330","080907","CUSCO","LA CONVENCION","KIMBIRI",NULL,NULL,NULL
"2331","080908","CUSCO","LA CONVENCION","SANTA TERESA",NULL,NULL,NULL
"2332","080909","CUSCO","LA CONVENCION","VILCABAMBA",NULL,NULL,NULL
"2333","080910","CUSCO","LA CONVENCION","PICHARI",NULL,NULL,NULL
"2334","080911","CUSCO","LA CONVENCION","INKAWASI",NULL,NULL,NULL
"2335","080912","CUSCO","LA CONVENCION","VILLA VIRGEN",NULL,NULL,NULL
"2336","080913","CUSCO","LA CONVENCION","VILLA KINTIARINA",NULL,NULL,NULL
"2337","080914","CUSCO","LA CONVENCION","MEGANTONI",NULL,NULL,NULL
"2338","080915","CUSCO","LA CONVENCION","KUMPIRUSHIATO",NULL,NULL,NULL
"2339","080916","CUSCO","LA CONVENCION","CIELO PUNCO",NULL,NULL,NULL
"2340","080917","CUSCO","LA CONVENCION","MANITEA",NULL,NULL,NULL
"2341","080918","CUSCO","LA CONVENCION","UNION ASHANINKA",NULL,NULL,NULL
"2342","081001","CUSCO","PARURO","PARURO",NULL,NULL,NULL
"2343","081002","CUSCO","PARURO","ACCHA",NULL,NULL,NULL
"2344","081003","CUSCO","PARURO","CCAPI",NULL,NULL,NULL
"2345","081004","CUSCO","PARURO","COLCHA",NULL,NULL,NULL
"2346","081005","CUSCO","PARURO","HUANOQUITE",NULL,NULL,NULL
"2347","081006","CUSCO","PARURO","OMACHA",NULL,NULL,NULL
"2348","081007","CUSCO","PARURO","PACCARITAMBO",NULL,NULL,NULL
"2349","081008","CUSCO","PARURO","PILLPINTO",NULL,NULL,NULL
"2350","081009","CUSCO","PARURO","YAURISQUE",NULL,NULL,NULL
"2351","081101","CUSCO","PAUCARTAMBO","PAUCARTAMBO",NULL,NULL,NULL
"2352","081102","CUSCO","PAUCARTAMBO","CAICAY",NULL,NULL,NULL
"2353","081103","CUSCO","PAUCARTAMBO","CHALLABAMBA",NULL,NULL,NULL
"2354","081104","CUSCO","PAUCARTAMBO","COLQUEPATA",NULL,NULL,NULL
"2355","081105","CUSCO","PAUCARTAMBO","HUANCARANI",NULL,NULL,NULL
"2356","081106","CUSCO","PAUCARTAMBO","KOSÑIPATA",NULL,NULL,NULL
"2357","081201","CUSCO","QUISPICANCHI","URCOS",NULL,NULL,NULL
"2358","081202","CUSCO","QUISPICANCHI","ANDAHUAYLILLAS",NULL,NULL,NULL
"2359","081203","CUSCO","QUISPICANCHI","CAMANTI",NULL,NULL,NULL
"2360","081204","CUSCO","QUISPICANCHI","CCARHUAYO",NULL,NULL,NULL
"2361","081205","CUSCO","QUISPICANCHI","CCATCA",NULL,NULL,NULL
"2362","081206","CUSCO","QUISPICANCHI","CUSIPATA",NULL,NULL,NULL
"2363","081207","CUSCO","QUISPICANCHI","HUARO",NULL,NULL,NULL
"2364","081208","CUSCO","QUISPICANCHI","LUCRE",NULL,NULL,NULL
"2365","081209","CUSCO","QUISPICANCHI","MARCAPATA",NULL,NULL,NULL
"2366","081210","CUSCO","QUISPICANCHI","OCONGATE",NULL,NULL,NULL
"2367","081211","CUSCO","QUISPICANCHI","OROPESA",NULL,NULL,NULL
"2368","081212","CUSCO","QUISPICANCHI","QUIQUIJANA",NULL,NULL,NULL
"2369","081301","CUSCO","URUBAMBA","URUBAMBA",NULL,NULL,NULL
"2370","081302","CUSCO","URUBAMBA","CHINCHERO",NULL,NULL,NULL
"2371","081303","CUSCO","URUBAMBA","HUAYLLABAMBA",NULL,NULL,NULL
"2372","081304","CUSCO","URUBAMBA","MACHUPICCHU",NULL,NULL,NULL
"2373","081305","CUSCO","URUBAMBA","MARAS",NULL,NULL,NULL
"2374","081306","CUSCO","URUBAMBA","OLLANTAYTAMBO",NULL,NULL,NULL
"2375","081307","CUSCO","URUBAMBA","YUCAY",NULL,NULL,NULL
"2376","090101","HUANCAVELICA","HUANCAVELICA","HUANCAVELICA",NULL,NULL,NULL
"2377","090102","HUANCAVELICA","HUANCAVELICA","ACOBAMBILLA",NULL,NULL,NULL
"2378","090103","HUANCAVELICA","HUANCAVELICA","ACORIA",NULL,NULL,NULL
"2379","090104","HUANCAVELICA","HUANCAVELICA","CONAYCA",NULL,NULL,NULL
"2380","090105","HUANCAVELICA","HUANCAVELICA","CUENCA",NULL,NULL,NULL
"2381","090106","HUANCAVELICA","HUANCAVELICA","HUACHOCOLPA",NULL,NULL,NULL
"2382","090107","HUANCAVELICA","HUANCAVELICA","HUAYLLAHUARA",NULL,NULL,NULL
"2383","090108","HUANCAVELICA","HUANCAVELICA","IZCUCHACA",NULL,NULL,NULL
"2384","090109","HUANCAVELICA","HUANCAVELICA","LARIA",NULL,NULL,NULL
"2385","090110","HUANCAVELICA","HUANCAVELICA","MANTA",NULL,NULL,NULL
"2386","090111","HUANCAVELICA","HUANCAVELICA","MARISCAL CACERES",NULL,NULL,NULL
"2387","090112","HUANCAVELICA","HUANCAVELICA","MOYA",NULL,NULL,NULL
"2388","090113","HUANCAVELICA","HUANCAVELICA","NUEVO OCCORO",NULL,NULL,NULL
"2389","090114","HUANCAVELICA","HUANCAVELICA","PALCA",NULL,NULL,NULL
"2390","090115","HUANCAVELICA","HUANCAVELICA","PILCHACA",NULL,NULL,NULL
"2391","090116","HUANCAVELICA","HUANCAVELICA","VILCA",NULL,NULL,NULL
"2392","090117","HUANCAVELICA","HUANCAVELICA","YAULI",NULL,NULL,NULL
"2393","090118","HUANCAVELICA","HUANCAVELICA","ASCENSION",NULL,NULL,NULL
"2394","090119","HUANCAVELICA","HUANCAVELICA","HUANDO",NULL,NULL,NULL
"2395","090201","HUANCAVELICA","ACOBAMBA","ACOBAMBA",NULL,NULL,NULL
"2396","090202","HUANCAVELICA","ACOBAMBA","ANDABAMBA",NULL,NULL,NULL
"2397","090203","HUANCAVELICA","ACOBAMBA","ANTA",NULL,NULL,NULL
"2398","090204","HUANCAVELICA","ACOBAMBA","CAJA",NULL,NULL,NULL
"2399","090205","HUANCAVELICA","ACOBAMBA","MARCAS",NULL,NULL,NULL
"2400","090206","HUANCAVELICA","ACOBAMBA","PAUCARA",NULL,NULL,NULL
"2401","090207","HUANCAVELICA","ACOBAMBA","POMACOCHA",NULL,NULL,NULL
"2402","090208","HUANCAVELICA","ACOBAMBA","ROSARIO",NULL,NULL,NULL
"2403","090301","HUANCAVELICA","ANGARAES","LIRCAY",NULL,NULL,NULL
"2404","090302","HUANCAVELICA","ANGARAES","ANCHONGA",NULL,NULL,NULL
"2405","090303","HUANCAVELICA","ANGARAES","CALLANMARCA",NULL,NULL,NULL
"2406","090304","HUANCAVELICA","ANGARAES","CCOCHACCASA",NULL,NULL,NULL
"2407","090305","HUANCAVELICA","ANGARAES","CHINCHO",NULL,NULL,NULL
"2408","090306","HUANCAVELICA","ANGARAES","CONGALLA",NULL,NULL,NULL
"2409","090307","HUANCAVELICA","ANGARAES","HUANCA-HUANCA",NULL,NULL,NULL
"2410","090308","HUANCAVELICA","ANGARAES","HUAYLLAY GRANDE",NULL,NULL,NULL
"2411","090309","HUANCAVELICA","ANGARAES","JULCAMARCA",NULL,NULL,NULL
"2412","090310","HUANCAVELICA","ANGARAES","SAN ANTONIO DE ANTAPARCO",NULL,NULL,NULL
"2413","090311","HUANCAVELICA","ANGARAES","SANTO TOMAS DE PATA",NULL,NULL,NULL
"2414","090312","HUANCAVELICA","ANGARAES","SECCLLA",NULL,NULL,NULL
"2415","090401","HUANCAVELICA","CASTROVIRREYNA","CASTROVIRREYNA",NULL,NULL,NULL
"2416","090402","HUANCAVELICA","CASTROVIRREYNA","ARMA",NULL,NULL,NULL
"2417","090403","HUANCAVELICA","CASTROVIRREYNA","AURAHUA",NULL,NULL,NULL
"2418","090404","HUANCAVELICA","CASTROVIRREYNA","CAPILLAS",NULL,NULL,NULL
"2419","090405","HUANCAVELICA","CASTROVIRREYNA","CHUPAMARCA",NULL,NULL,NULL
"2420","090406","HUANCAVELICA","CASTROVIRREYNA","COCAS",NULL,NULL,NULL
"2421","090407","HUANCAVELICA","CASTROVIRREYNA","HUACHOS",NULL,NULL,NULL
"2422","090408","HUANCAVELICA","CASTROVIRREYNA","HUAMATAMBO",NULL,NULL,NULL
"2423","090409","HUANCAVELICA","CASTROVIRREYNA","MOLLEPAMPA",NULL,NULL,NULL
"2424","090410","HUANCAVELICA","CASTROVIRREYNA","SAN JUAN",NULL,NULL,NULL
"2425","090411","HUANCAVELICA","CASTROVIRREYNA","SANTA ANA",NULL,NULL,NULL
"2426","090412","HUANCAVELICA","CASTROVIRREYNA","TANTARA",NULL,NULL,NULL
"2427","090413","HUANCAVELICA","CASTROVIRREYNA","TICRAPO",NULL,NULL,NULL
"2428","090501","HUANCAVELICA","CHURCAMPA","CHURCAMPA",NULL,NULL,NULL
"2429","090502","HUANCAVELICA","CHURCAMPA","ANCO",NULL,NULL,NULL
"2430","090503","HUANCAVELICA","CHURCAMPA","CHINCHIHUASI",NULL,NULL,NULL
"2431","090504","HUANCAVELICA","CHURCAMPA","EL CARMEN",NULL,NULL,NULL
"2432","090505","HUANCAVELICA","CHURCAMPA","LA MERCED",NULL,NULL,NULL
"2433","090506","HUANCAVELICA","CHURCAMPA","LOCROJA",NULL,NULL,NULL
"2434","090507","HUANCAVELICA","CHURCAMPA","PAUCARBAMBA",NULL,NULL,NULL
"2435","090508","HUANCAVELICA","CHURCAMPA","SAN MIGUEL DE MAYOCC",NULL,NULL,NULL
"2436","090509","HUANCAVELICA","CHURCAMPA","SAN PEDRO DE CORIS",NULL,NULL,NULL
"2437","090510","HUANCAVELICA","CHURCAMPA","PACHAMARCA",NULL,NULL,NULL
"2438","090511","HUANCAVELICA","CHURCAMPA","COSME",NULL,NULL,NULL
"2439","090601","HUANCAVELICA","HUAYTARA","HUAYTARA",NULL,NULL,NULL
"2440","090602","HUANCAVELICA","HUAYTARA","AYAVI",NULL,NULL,NULL
"2441","090603","HUANCAVELICA","HUAYTARA","CORDOVA",NULL,NULL,NULL
"2442","090604","HUANCAVELICA","HUAYTARA","HUAYACUNDO ARMA",NULL,NULL,NULL
"2443","090605","HUANCAVELICA","HUAYTARA","LARAMARCA",NULL,NULL,NULL
"2444","090606","HUANCAVELICA","HUAYTARA","OCOYO",NULL,NULL,NULL
"2445","090607","HUANCAVELICA","HUAYTARA","PILPICHACA",NULL,NULL,NULL
"2446","090608","HUANCAVELICA","HUAYTARA","QUERCO",NULL,NULL,NULL
"2447","090609","HUANCAVELICA","HUAYTARA","QUITO-ARMA",NULL,NULL,NULL
"2448","090610","HUANCAVELICA","HUAYTARA","SAN ANTONIO DE CUSICANCHA",NULL,NULL,NULL
"2449","090611","HUANCAVELICA","HUAYTARA","SAN FRANCISCO DE SANGAYAICO",NULL,NULL,NULL
"2450","090612","HUANCAVELICA","HUAYTARA","SAN ISIDRO",NULL,NULL,NULL
"2451","090613","HUANCAVELICA","HUAYTARA","SANTIAGO DE CHOCORVOS",NULL,NULL,NULL
"2452","090614","HUANCAVELICA","HUAYTARA","SANTIAGO DE QUIRAHUARA",NULL,NULL,NULL
"2453","090615","HUANCAVELICA","HUAYTARA","SANTO DOMINGO DE CAPILLAS",NULL,NULL,NULL
"2454","090616","HUANCAVELICA","HUAYTARA","TAMBO",NULL,NULL,NULL
"2455","090701","HUANCAVELICA","TAYACAJA","PAMPAS",NULL,NULL,NULL
"2456","090702","HUANCAVELICA","TAYACAJA","ACOSTAMBO",NULL,NULL,NULL
"2457","090703","HUANCAVELICA","TAYACAJA","ACRAQUIA",NULL,NULL,NULL
"2458","090704","HUANCAVELICA","TAYACAJA","AHUAYCHA",NULL,NULL,NULL
"2459","090705","HUANCAVELICA","TAYACAJA","COLCABAMBA",NULL,NULL,NULL
"2460","090706","HUANCAVELICA","TAYACAJA","DANIEL HERNANDEZ",NULL,NULL,NULL
"2461","090707","HUANCAVELICA","TAYACAJA","HUACHOCOLPA",NULL,NULL,NULL
"2462","090709","HUANCAVELICA","TAYACAJA","HUARIBAMBA",NULL,NULL,NULL
"2463","090710","HUANCAVELICA","TAYACAJA","ÑAHUIMPUQUIO",NULL,NULL,NULL
"2464","090711","HUANCAVELICA","TAYACAJA","PAZOS",NULL,NULL,NULL
"2465","090713","HUANCAVELICA","TAYACAJA","QUISHUAR",NULL,NULL,NULL
"2466","090714","HUANCAVELICA","TAYACAJA","SALCABAMBA",NULL,NULL,NULL
"2467","090715","HUANCAVELICA","TAYACAJA","SALCAHUASI",NULL,NULL,NULL
"2468","090716","HUANCAVELICA","TAYACAJA","SAN MARCOS DE ROCCHAC",NULL,NULL,NULL
"2469","090717","HUANCAVELICA","TAYACAJA","SURCUBAMBA",NULL,NULL,NULL
"2470","090718","HUANCAVELICA","TAYACAJA","TINTAY PUNCU",NULL,NULL,NULL
"2471","090719","HUANCAVELICA","TAYACAJA","QUICHUAS",NULL,NULL,NULL
"2472","090720","HUANCAVELICA","TAYACAJA","ANDAYMARCA",NULL,NULL,NULL
"2473","090721","HUANCAVELICA","TAYACAJA","ROBLE",NULL,NULL,NULL
"2474","090722","HUANCAVELICA","TAYACAJA","PICHOS",NULL,NULL,NULL
"2475","090723","HUANCAVELICA","TAYACAJA","SANTIAGO DE TUCUMA",NULL,NULL,NULL
"2476","090724","HUANCAVELICA","TAYACAJA","LAMBRAS",NULL,NULL,NULL
"2477","090725","HUANCAVELICA","TAYACAJA","COCHABAMBA",NULL,NULL,NULL
"2478","100101","HUANUCO","HUANUCO","HUANUCO",NULL,NULL,NULL
"2479","100102","HUANUCO","HUANUCO","AMARILIS",NULL,NULL,NULL
"2480","100103","HUANUCO","HUANUCO","CHINCHAO",NULL,NULL,NULL
"2481","100104","HUANUCO","HUANUCO","CHURUBAMBA",NULL,NULL,NULL
"2482","100105","HUANUCO","HUANUCO","MARGOS",NULL,NULL,NULL
"2483","100106","HUANUCO","HUANUCO","QUISQUI (KICHKI)",NULL,NULL,NULL
"2484","100107","HUANUCO","HUANUCO","SAN FRANCISCO DE CAYRAN",NULL,NULL,NULL
"2485","100108","HUANUCO","HUANUCO","SAN PEDRO DE CHAULAN",NULL,NULL,NULL
"2486","100109","HUANUCO","HUANUCO","SANTA MARIA DEL VALLE",NULL,NULL,NULL
"2487","100110","HUANUCO","HUANUCO","YARUMAYO",NULL,NULL,NULL
"2488","100111","HUANUCO","HUANUCO","PILLCO MARCA",NULL,NULL,NULL
"2489","100112","HUANUCO","HUANUCO","YACUS",NULL,NULL,NULL
"2490","100113","HUANUCO","HUANUCO","SAN PABLO DE PILLAO",NULL,NULL,NULL
"2491","100201","HUANUCO","AMBO","AMBO",NULL,NULL,NULL
"2492","100202","HUANUCO","AMBO","CAYNA",NULL,NULL,NULL
"2493","100203","HUANUCO","AMBO","COLPAS",NULL,NULL,NULL
"2494","100204","HUANUCO","AMBO","CONCHAMARCA",NULL,NULL,NULL
"2495","100205","HUANUCO","AMBO","HUACAR",NULL,NULL,NULL
"2496","100206","HUANUCO","AMBO","SAN FRANCISCO",NULL,NULL,NULL
"2497","100207","HUANUCO","AMBO","SAN RAFAEL",NULL,NULL,NULL
"2498","100208","HUANUCO","AMBO","TOMAY KICHWA",NULL,NULL,NULL
"2499","100301","HUANUCO","DOS DE MAYO","LA UNION",NULL,NULL,NULL
"2500","100307","HUANUCO","DOS DE MAYO","CHUQUIS",NULL,NULL,NULL
"2501","100311","HUANUCO","DOS DE MAYO","MARIAS",NULL,NULL,NULL
"2502","100313","HUANUCO","DOS DE MAYO","PACHAS",NULL,NULL,NULL
"2503","100316","HUANUCO","DOS DE MAYO","QUIVILLA",NULL,NULL,NULL
"2504","100317","HUANUCO","DOS DE MAYO","RIPAN",NULL,NULL,NULL
"2505","100321","HUANUCO","DOS DE MAYO","SHUNQUI",NULL,NULL,NULL
"2506","100322","HUANUCO","DOS DE MAYO","SILLAPATA",NULL,NULL,NULL
"2507","100323","HUANUCO","DOS DE MAYO","YANAS",NULL,NULL,NULL
"2508","100401","HUANUCO","HUACAYBAMBA","HUACAYBAMBA",NULL,NULL,NULL
"2509","100402","HUANUCO","HUACAYBAMBA","CANCHABAMBA",NULL,NULL,NULL
"2510","100403","HUANUCO","HUACAYBAMBA","COCHABAMBA",NULL,NULL,NULL
"2511","100404","HUANUCO","HUACAYBAMBA","PINRA",NULL,NULL,NULL
"2512","100501","HUANUCO","HUAMALIES","LLATA",NULL,NULL,NULL
"2513","100502","HUANUCO","HUAMALIES","ARANCAY",NULL,NULL,NULL
"2514","100503","HUANUCO","HUAMALIES","CHAVIN DE PARIARCA",NULL,NULL,NULL
"2515","100504","HUANUCO","HUAMALIES","JACAS GRANDE",NULL,NULL,NULL
"2516","100505","HUANUCO","HUAMALIES","JIRCAN",NULL,NULL,NULL
"2517","100506","HUANUCO","HUAMALIES","MIRAFLORES",NULL,NULL,NULL
"2518","100507","HUANUCO","HUAMALIES","MONZON",NULL,NULL,NULL
"2519","100508","HUANUCO","HUAMALIES","PUNCHAO",NULL,NULL,NULL
"2520","100509","HUANUCO","HUAMALIES","PUÑOS",NULL,NULL,NULL
"2521","100510","HUANUCO","HUAMALIES","SINGA",NULL,NULL,NULL
"2522","100511","HUANUCO","HUAMALIES","TANTAMAYO",NULL,NULL,NULL
"2523","100601","HUANUCO","LEONCIO PRADO","RUPA-RUPA",NULL,NULL,NULL
"2524","100602","HUANUCO","LEONCIO PRADO","DANIEL ALOMIA ROBLES",NULL,NULL,NULL
"2525","100603","HUANUCO","LEONCIO PRADO","HERMILIO VALDIZAN",NULL,NULL,NULL
"2526","100604","HUANUCO","LEONCIO PRADO","JOSE CRESPO Y CASTILLO",NULL,NULL,NULL
"2527","100605","HUANUCO","LEONCIO PRADO","LUYANDO",NULL,NULL,NULL
"2528","100606","HUANUCO","LEONCIO PRADO","MARIANO DAMASO BERAUN",NULL,NULL,NULL
"2529","100607","HUANUCO","LEONCIO PRADO","PUCAYACU",NULL,NULL,NULL
"2530","100608","HUANUCO","LEONCIO PRADO","CASTILLO GRANDE",NULL,NULL,NULL
"2531","100609","HUANUCO","LEONCIO PRADO","PUEBLO NUEVO",NULL,NULL,NULL
"2532","100610","HUANUCO","LEONCIO PRADO","SANTO DOMINGO DE ANDA",NULL,NULL,NULL
"2533","100701","HUANUCO","MARAÑON","HUACRACHUCO",NULL,NULL,NULL
"2534","100702","HUANUCO","MARAÑON","CHOLON",NULL,NULL,NULL
"2535","100703","HUANUCO","MARAÑON","SAN BUENAVENTURA",NULL,NULL,NULL
"2536","100704","HUANUCO","MARAÑON","LA MORADA",NULL,NULL,NULL
"2537","100705","HUANUCO","MARAÑON","SANTA ROSA DE ALTO YANAJANCA",NULL,NULL,NULL
"2538","100801","HUANUCO","PACHITEA","PANAO",NULL,NULL,NULL
"2539","100802","HUANUCO","PACHITEA","CHAGLLA",NULL,NULL,NULL
"2540","100803","HUANUCO","PACHITEA","MOLINO",NULL,NULL,NULL
"2541","100804","HUANUCO","PACHITEA","UMARI",NULL,NULL,NULL
"2542","100901","HUANUCO","PUERTO INCA","PUERTO INCA",NULL,NULL,NULL
"2543","100902","HUANUCO","PUERTO INCA","CODO DEL POZUZO",NULL,NULL,NULL
"2544","100903","HUANUCO","PUERTO INCA","HONORIA",NULL,NULL,NULL
"2545","100904","HUANUCO","PUERTO INCA","TOURNAVISTA",NULL,NULL,NULL
"2546","100905","HUANUCO","PUERTO INCA","YUYAPICHIS",NULL,NULL,NULL
"2547","101001","HUANUCO","LAURICOCHA","JESUS",NULL,NULL,NULL
"2548","101002","HUANUCO","LAURICOCHA","BAÑOS",NULL,NULL,NULL
"2549","101003","HUANUCO","LAURICOCHA","JIVIA",NULL,NULL,NULL
"2550","101004","HUANUCO","LAURICOCHA","QUEROPALCA",NULL,NULL,NULL
"2551","101005","HUANUCO","LAURICOCHA","RONDOS",NULL,NULL,NULL
"2552","101006","HUANUCO","LAURICOCHA","SAN FRANCISCO DE ASIS",NULL,NULL,NULL
"2553","101007","HUANUCO","LAURICOCHA","SAN MIGUEL DE CAURI",NULL,NULL,NULL
"2554","101101","HUANUCO","YAROWILCA","CHAVINILLO",NULL,NULL,NULL
"2555","101102","HUANUCO","YAROWILCA","CAHUAC",NULL,NULL,NULL
"2556","101103","HUANUCO","YAROWILCA","CHACABAMBA",NULL,NULL,NULL
"2557","101104","HUANUCO","YAROWILCA","APARICIO POMARES",NULL,NULL,NULL
"2558","101105","HUANUCO","YAROWILCA","JACAS CHICO",NULL,NULL,NULL
"2559","101106","HUANUCO","YAROWILCA","OBAS",NULL,NULL,NULL
"2560","101107","HUANUCO","YAROWILCA","PAMPAMARCA",NULL,NULL,NULL
"2561","101108","HUANUCO","YAROWILCA","CHORAS",NULL,NULL,NULL
"2562","110101","ICA","ICA","ICA",NULL,NULL,NULL
"2563","110102","ICA","ICA","LA TINGUIÑA",NULL,NULL,NULL
"2564","110103","ICA","ICA","LOS AQUIJES",NULL,NULL,NULL
"2565","110104","ICA","ICA","OCUCAJE",NULL,NULL,NULL
"2566","110105","ICA","ICA","PACHACUTEC",NULL,NULL,NULL
"2567","110106","ICA","ICA","PARCONA",NULL,NULL,NULL
"2568","110107","ICA","ICA","PUEBLO NUEVO",NULL,NULL,NULL
"2569","110108","ICA","ICA","SALAS",NULL,NULL,NULL
"2570","110109","ICA","ICA","SAN JOSE DE LOS MOLINOS",NULL,NULL,NULL
"2571","110110","ICA","ICA","SAN JUAN BAUTISTA",NULL,NULL,NULL
"2572","110111","ICA","ICA","SANTIAGO",NULL,NULL,NULL
"2573","110112","ICA","ICA","SUBTANJALLA",NULL,NULL,NULL
"2574","110113","ICA","ICA","TATE",NULL,NULL,NULL
"2575","110114","ICA","ICA","YAUCA DEL ROSARIO",NULL,NULL,NULL
"2576","110201","ICA","CHINCHA","CHINCHA ALTA",NULL,NULL,NULL
"2577","110202","ICA","CHINCHA","ALTO LARAN",NULL,NULL,NULL
"2578","110203","ICA","CHINCHA","CHAVIN",NULL,NULL,NULL
"2579","110204","ICA","CHINCHA","CHINCHA BAJA",NULL,NULL,NULL
"2580","110205","ICA","CHINCHA","EL CARMEN",NULL,NULL,NULL
"2581","110206","ICA","CHINCHA","GROCIO PRADO",NULL,NULL,NULL
"2582","110207","ICA","CHINCHA","PUEBLO NUEVO",NULL,NULL,NULL
"2583","110208","ICA","CHINCHA","SAN JUAN DE YANAC",NULL,NULL,NULL
"2584","110209","ICA","CHINCHA","SAN PEDRO DE HUACARPANA",NULL,NULL,NULL
"2585","110210","ICA","CHINCHA","SUNAMPE",NULL,NULL,NULL
"2586","110211","ICA","CHINCHA","TAMBO DE MORA",NULL,NULL,NULL
"2587","110301","ICA","NASCA","NASCA",NULL,NULL,NULL
"2588","110302","ICA","NASCA","CHANGUILLO",NULL,NULL,NULL
"2589","110303","ICA","NASCA","EL INGENIO",NULL,NULL,NULL
"2590","110304","ICA","NASCA","MARCONA",NULL,NULL,NULL
"2591","110305","ICA","NASCA","VISTA ALEGRE",NULL,NULL,NULL
"2592","110401","ICA","PALPA","PALPA",NULL,NULL,NULL
"2593","110402","ICA","PALPA","LLIPATA",NULL,NULL,NULL
"2594","110403","ICA","PALPA","RIO GRANDE",NULL,NULL,NULL
"2595","110404","ICA","PALPA","SANTA CRUZ",NULL,NULL,NULL
"2596","110405","ICA","PALPA","TIBILLO",NULL,NULL,NULL
"2597","110501","ICA","PISCO","PISCO",NULL,NULL,NULL
"2598","110502","ICA","PISCO","HUANCANO",NULL,NULL,NULL
"2599","110503","ICA","PISCO","HUMAY",NULL,NULL,NULL
"2600","110504","ICA","PISCO","INDEPENDENCIA",NULL,NULL,NULL
"2601","110505","ICA","PISCO","PARACAS",NULL,NULL,NULL
"2602","110506","ICA","PISCO","SAN ANDRES",NULL,NULL,NULL
"2603","110507","ICA","PISCO","SAN CLEMENTE",NULL,NULL,NULL
"2604","110508","ICA","PISCO","TUPAC AMARU INCA",NULL,NULL,NULL
"2605","120101","JUNIN","HUANCAYO","HUANCAYO",NULL,NULL,NULL
"2606","120104","JUNIN","HUANCAYO","CARHUACALLANGA",NULL,NULL,NULL
"2607","120105","JUNIN","HUANCAYO","CHACAPAMPA",NULL,NULL,NULL
"2608","120106","JUNIN","HUANCAYO","CHICCHE",NULL,NULL,NULL
"2609","120107","JUNIN","HUANCAYO","CHILCA",NULL,NULL,NULL
"2610","120108","JUNIN","HUANCAYO","CHONGOS ALTO",NULL,NULL,NULL
"2611","120111","JUNIN","HUANCAYO","CHUPURO",NULL,NULL,NULL
"2612","120112","JUNIN","HUANCAYO","COLCA",NULL,NULL,NULL
"2613","120113","JUNIN","HUANCAYO","CULLHUAS",NULL,NULL,NULL
"2614","120114","JUNIN","HUANCAYO","EL TAMBO",NULL,NULL,NULL
"2615","120116","JUNIN","HUANCAYO","HUACRAPUQUIO",NULL,NULL,NULL
"2616","120117","JUNIN","HUANCAYO","HUALHUAS",NULL,NULL,NULL
"2617","120119","JUNIN","HUANCAYO","HUANCAN",NULL,NULL,NULL
"2618","120120","JUNIN","HUANCAYO","HUASICANCHA",NULL,NULL,NULL
"2619","120121","JUNIN","HUANCAYO","HUAYUCACHI",NULL,NULL,NULL
"2620","120122","JUNIN","HUANCAYO","INGENIO",NULL,NULL,NULL
"2621","120124","JUNIN","HUANCAYO","PARIAHUANCA",NULL,NULL,NULL
"2622","120125","JUNIN","HUANCAYO","PILCOMAYO",NULL,NULL,NULL
"2623","120126","JUNIN","HUANCAYO","PUCARA",NULL,NULL,NULL
"2624","120127","JUNIN","HUANCAYO","QUICHUAY",NULL,NULL,NULL
"2625","120128","JUNIN","HUANCAYO","QUILCAS",NULL,NULL,NULL
"2626","120129","JUNIN","HUANCAYO","SAN AGUSTIN",NULL,NULL,NULL
"2627","120130","JUNIN","HUANCAYO","SAN JERONIMO DE TUNAN",NULL,NULL,NULL
"2628","120132","JUNIN","HUANCAYO","SAÑO",NULL,NULL,NULL
"2629","120133","JUNIN","HUANCAYO","SAPALLANGA",NULL,NULL,NULL
"2630","120134","JUNIN","HUANCAYO","SICAYA",NULL,NULL,NULL
"2631","120135","JUNIN","HUANCAYO","SANTO DOMINGO DE ACOBAMBA",NULL,NULL,NULL
"2632","120136","JUNIN","HUANCAYO","VIQUES",NULL,NULL,NULL
"2633","120201","JUNIN","CONCEPCION","CONCEPCION",NULL,NULL,NULL
"2634","120202","JUNIN","CONCEPCION","ACO",NULL,NULL,NULL
"2635","120203","JUNIN","CONCEPCION","ANDAMARCA",NULL,NULL,NULL
"2636","120204","JUNIN","CONCEPCION","CHAMBARA",NULL,NULL,NULL
"2637","120205","JUNIN","CONCEPCION","COCHAS",NULL,NULL,NULL
"2638","120206","JUNIN","CONCEPCION","COMAS",NULL,NULL,NULL
"2639","120207","JUNIN","CONCEPCION","HEROINAS TOLEDO",NULL,NULL,NULL
"2640","120208","JUNIN","CONCEPCION","MANZANARES",NULL,NULL,NULL
"2641","120209","JUNIN","CONCEPCION","MARISCAL CASTILLA",NULL,NULL,NULL
"2642","120210","JUNIN","CONCEPCION","MATAHUASI",NULL,NULL,NULL
"2643","120211","JUNIN","CONCEPCION","MITO",NULL,NULL,NULL
"2644","120212","JUNIN","CONCEPCION","NUEVE DE JULIO",NULL,NULL,NULL
"2645","120213","JUNIN","CONCEPCION","ORCOTUNA",NULL,NULL,NULL
"2646","120214","JUNIN","CONCEPCION","SAN JOSE DE QUERO",NULL,NULL,NULL
"2647","120215","JUNIN","CONCEPCION","SANTA ROSA DE OCOPA",NULL,NULL,NULL
"2648","120301","JUNIN","CHANCHAMAYO","CHANCHAMAYO",NULL,NULL,NULL
"2649","120302","JUNIN","CHANCHAMAYO","PERENE",NULL,NULL,NULL
"2650","120303","JUNIN","CHANCHAMAYO","PICHANAQUI",NULL,NULL,NULL
"2651","120304","JUNIN","CHANCHAMAYO","SAN LUIS DE SHUARO",NULL,NULL,NULL
"2652","120305","JUNIN","CHANCHAMAYO","SAN RAMON",NULL,NULL,NULL
"2653","120306","JUNIN","CHANCHAMAYO","VITOC",NULL,NULL,NULL
"2654","120401","JUNIN","JAUJA","JAUJA",NULL,NULL,NULL
"2655","120402","JUNIN","JAUJA","ACOLLA",NULL,NULL,NULL
"2656","120403","JUNIN","JAUJA","APATA",NULL,NULL,NULL
"2657","120404","JUNIN","JAUJA","ATAURA",NULL,NULL,NULL
"2658","120405","JUNIN","JAUJA","CANCHAYLLO",NULL,NULL,NULL
"2659","120406","JUNIN","JAUJA","CURICACA",NULL,NULL,NULL
"2660","120407","JUNIN","JAUJA","EL MANTARO",NULL,NULL,NULL
"2661","120408","JUNIN","JAUJA","HUAMALI",NULL,NULL,NULL
"2662","120409","JUNIN","JAUJA","HUARIPAMPA",NULL,NULL,NULL
"2663","120410","JUNIN","JAUJA","HUERTAS",NULL,NULL,NULL
"2664","120411","JUNIN","JAUJA","JANJAILLO",NULL,NULL,NULL
"2665","120412","JUNIN","JAUJA","JULCAN",NULL,NULL,NULL
"2666","120413","JUNIN","JAUJA","LEONOR ORDOÑEZ",NULL,NULL,NULL
"2667","120414","JUNIN","JAUJA","LLOCLLAPAMPA",NULL,NULL,NULL
"2668","120415","JUNIN","JAUJA","MARCO",NULL,NULL,NULL
"2669","120416","JUNIN","JAUJA","MASMA",NULL,NULL,NULL
"2670","120417","JUNIN","JAUJA","MASMA CHICCHE",NULL,NULL,NULL
"2671","120418","JUNIN","JAUJA","MOLINOS",NULL,NULL,NULL
"2672","120419","JUNIN","JAUJA","MONOBAMBA",NULL,NULL,NULL
"2673","120420","JUNIN","JAUJA","MUQUI",NULL,NULL,NULL
"2674","120421","JUNIN","JAUJA","MUQUIYAUYO",NULL,NULL,NULL
"2675","120422","JUNIN","JAUJA","PACA",NULL,NULL,NULL
"2676","120423","JUNIN","JAUJA","PACCHA",NULL,NULL,NULL
"2677","120424","JUNIN","JAUJA","PANCAN",NULL,NULL,NULL
"2678","120425","JUNIN","JAUJA","PARCO",NULL,NULL,NULL
"2679","120426","JUNIN","JAUJA","POMACANCHA",NULL,NULL,NULL
"2680","120427","JUNIN","JAUJA","RICRAN",NULL,NULL,NULL
"2681","120428","JUNIN","JAUJA","SAN LORENZO",NULL,NULL,NULL
"2682","120429","JUNIN","JAUJA","SAN PEDRO DE CHUNAN",NULL,NULL,NULL
"2683","120430","JUNIN","JAUJA","SAUSA",NULL,NULL,NULL
"2684","120431","JUNIN","JAUJA","SINCOS",NULL,NULL,NULL
"2685","120432","JUNIN","JAUJA","TUNAN MARCA",NULL,NULL,NULL
"2686","120433","JUNIN","JAUJA","YAULI",NULL,NULL,NULL
"2687","120434","JUNIN","JAUJA","YAUYOS",NULL,NULL,NULL
"2688","120501","JUNIN","JUNIN","JUNIN",NULL,NULL,NULL
"2689","120502","JUNIN","JUNIN","CARHUAMAYO",NULL,NULL,NULL
"2690","120503","JUNIN","JUNIN","ONDORES",NULL,NULL,NULL
"2691","120504","JUNIN","JUNIN","ULCUMAYO",NULL,NULL,NULL
"2692","120601","JUNIN","SATIPO","SATIPO",NULL,NULL,NULL
"2693","120602","JUNIN","SATIPO","COVIRIALI",NULL,NULL,NULL
"2694","120603","JUNIN","SATIPO","LLAYLLA",NULL,NULL,NULL
"2695","120604","JUNIN","SATIPO","MAZAMARI",NULL,NULL,NULL
"2696","120605","JUNIN","SATIPO","PAMPA HERMOSA",NULL,NULL,NULL
"2697","120606","JUNIN","SATIPO","PANGOA",NULL,NULL,NULL
"2698","120607","JUNIN","SATIPO","RIO NEGRO",NULL,NULL,NULL
"2699","120608","JUNIN","SATIPO","RIO TAMBO",NULL,NULL,NULL
"2700","120609","JUNIN","SATIPO","VIZCATÁN DEL ENE",NULL,NULL,NULL
"2701","120701","JUNIN","TARMA","TARMA",NULL,NULL,NULL
"2702","120702","JUNIN","TARMA","ACOBAMBA",NULL,NULL,NULL
"2703","120703","JUNIN","TARMA","HUARICOLCA",NULL,NULL,NULL
"2704","120704","JUNIN","TARMA","HUASAHUASI",NULL,NULL,NULL
"2705","120705","JUNIN","TARMA","LA UNION",NULL,NULL,NULL
"2706","120706","JUNIN","TARMA","PALCA",NULL,NULL,NULL
"2707","120707","JUNIN","TARMA","PALCAMAYO",NULL,NULL,NULL
"2708","120708","JUNIN","TARMA","SAN PEDRO DE CAJAS",NULL,NULL,NULL
"2709","120709","JUNIN","TARMA","TAPO",NULL,NULL,NULL
"2710","120801","JUNIN","YAULI","LA OROYA",NULL,NULL,NULL
"2711","120802","JUNIN","YAULI","CHACAPALPA",NULL,NULL,NULL
"2712","120803","JUNIN","YAULI","HUAY-HUAY",NULL,NULL,NULL
"2713","120804","JUNIN","YAULI","MARCAPOMACOCHA",NULL,NULL,NULL
"2714","120805","JUNIN","YAULI","MOROCOCHA",NULL,NULL,NULL
"2715","120806","JUNIN","YAULI","PACCHA",NULL,NULL,NULL
"2716","120807","JUNIN","YAULI","SANTA BARBARA DE CARHUACAYAN",NULL,NULL,NULL
"2717","120808","JUNIN","YAULI","SANTA ROSA DE SACCO",NULL,NULL,NULL
"2718","120809","JUNIN","YAULI","SUITUCANCHA",NULL,NULL,NULL
"2719","120810","JUNIN","YAULI","YAULI",NULL,NULL,NULL
"2720","120901","JUNIN","CHUPACA","CHUPACA",NULL,NULL,NULL
"2721","120902","JUNIN","CHUPACA","AHUAC",NULL,NULL,NULL
"2722","120903","JUNIN","CHUPACA","CHONGOS BAJO",NULL,NULL,NULL
"2723","120904","JUNIN","CHUPACA","HUACHAC",NULL,NULL,NULL
"2724","120905","JUNIN","CHUPACA","HUAMANCACA CHICO",NULL,NULL,NULL
"2725","120906","JUNIN","CHUPACA","SAN JUAN DE ISCOS",NULL,NULL,NULL
"2726","120907","JUNIN","CHUPACA","SAN JUAN DE JARPA",NULL,NULL,NULL
"2727","120908","JUNIN","CHUPACA","TRES DE DICIEMBRE",NULL,NULL,NULL
"2728","120909","JUNIN","CHUPACA","YANACANCHA",NULL,NULL,NULL
"2729","130101","LA LIBERTAD","TRUJILLO","TRUJILLO",NULL,NULL,NULL
"2730","130102","LA LIBERTAD","TRUJILLO","EL PORVENIR",NULL,NULL,NULL
"2731","130103","LA LIBERTAD","TRUJILLO","FLORENCIA DE MORA",NULL,NULL,NULL
"2732","130104","LA LIBERTAD","TRUJILLO","HUANCHACO",NULL,NULL,NULL
"2733","130105","LA LIBERTAD","TRUJILLO","LA ESPERANZA",NULL,NULL,NULL
"2734","130106","LA LIBERTAD","TRUJILLO","LAREDO",NULL,NULL,NULL
"2735","130107","LA LIBERTAD","TRUJILLO","MOCHE",NULL,NULL,NULL
"2736","130108","LA LIBERTAD","TRUJILLO","POROTO",NULL,NULL,NULL
"2737","130109","LA LIBERTAD","TRUJILLO","SALAVERRY",NULL,NULL,NULL
"2738","130110","LA LIBERTAD","TRUJILLO","SIMBAL",NULL,NULL,NULL
"2739","130111","LA LIBERTAD","TRUJILLO","VICTOR LARCO HERRERA",NULL,NULL,NULL
"2740","130112","LA LIBERTAD","TRUJILLO","ALTO TRUJILLO",NULL,NULL,NULL
"2741","130201","LA LIBERTAD","ASCOPE","ASCOPE",NULL,NULL,NULL
"2742","130202","LA LIBERTAD","ASCOPE","CHICAMA",NULL,NULL,NULL
"2743","130203","LA LIBERTAD","ASCOPE","CHOCOPE",NULL,NULL,NULL
"2744","130204","LA LIBERTAD","ASCOPE","MAGDALENA DE CAO",NULL,NULL,NULL
"2745","130205","LA LIBERTAD","ASCOPE","PAIJAN",NULL,NULL,NULL
"2746","130206","LA LIBERTAD","ASCOPE","RAZURI",NULL,NULL,NULL
"2747","130207","LA LIBERTAD","ASCOPE","SANTIAGO DE CAO",NULL,NULL,NULL
"2748","130208","LA LIBERTAD","ASCOPE","CASA GRANDE",NULL,NULL,NULL
"2749","130301","LA LIBERTAD","BOLIVAR","BOLIVAR",NULL,NULL,NULL
"2750","130302","LA LIBERTAD","BOLIVAR","BAMBAMARCA",NULL,NULL,NULL
"2751","130303","LA LIBERTAD","BOLIVAR","CONDORMARCA",NULL,NULL,NULL
"2752","130304","LA LIBERTAD","BOLIVAR","LONGOTEA",NULL,NULL,NULL
"2753","130305","LA LIBERTAD","BOLIVAR","UCHUMARCA",NULL,NULL,NULL
"2754","130306","LA LIBERTAD","BOLIVAR","UCUNCHA",NULL,NULL,NULL
"2755","130401","LA LIBERTAD","CHEPEN","CHEPEN",NULL,NULL,NULL
"2756","130402","LA LIBERTAD","CHEPEN","PACANGA",NULL,NULL,NULL
"2757","130403","LA LIBERTAD","CHEPEN","PUEBLO NUEVO",NULL,NULL,NULL
"2758","130501","LA LIBERTAD","JULCAN","JULCAN",NULL,NULL,NULL
"2759","130502","LA LIBERTAD","JULCAN","CALAMARCA",NULL,NULL,NULL
"2760","130503","LA LIBERTAD","JULCAN","CARABAMBA",NULL,NULL,NULL
"2761","130504","LA LIBERTAD","JULCAN","HUASO",NULL,NULL,NULL
"2762","130601","LA LIBERTAD","OTUZCO","OTUZCO",NULL,NULL,NULL
"2763","130602","LA LIBERTAD","OTUZCO","AGALLPAMPA",NULL,NULL,NULL
"2764","130604","LA LIBERTAD","OTUZCO","CHARAT",NULL,NULL,NULL
"2765","130605","LA LIBERTAD","OTUZCO","HUARANCHAL",NULL,NULL,NULL
"2766","130606","LA LIBERTAD","OTUZCO","LA CUESTA",NULL,NULL,NULL
"2767","130608","LA LIBERTAD","OTUZCO","MACHE",NULL,NULL,NULL
"2768","130610","LA LIBERTAD","OTUZCO","PARANDAY",NULL,NULL,NULL
"2769","130611","LA LIBERTAD","OTUZCO","SALPO",NULL,NULL,NULL
"2770","130613","LA LIBERTAD","OTUZCO","SINSICAP",NULL,NULL,NULL
"2771","130614","LA LIBERTAD","OTUZCO","USQUIL",NULL,NULL,NULL
"2772","130701","LA LIBERTAD","PACASMAYO","SAN PEDRO DE LLOC",NULL,NULL,NULL
"2773","130702","LA LIBERTAD","PACASMAYO","GUADALUPE",NULL,NULL,NULL
"2774","130703","LA LIBERTAD","PACASMAYO","JEQUETEPEQUE",NULL,NULL,NULL
"2775","130704","LA LIBERTAD","PACASMAYO","PACASMAYO",NULL,NULL,NULL
"2776","130705","LA LIBERTAD","PACASMAYO","SAN JOSE",NULL,NULL,NULL
"2777","130801","LA LIBERTAD","PATAZ","TAYABAMBA",NULL,NULL,NULL
"2778","130802","LA LIBERTAD","PATAZ","BULDIBUYO",NULL,NULL,NULL
"2779","130803","LA LIBERTAD","PATAZ","CHILLIA",NULL,NULL,NULL
"2780","130804","LA LIBERTAD","PATAZ","HUANCASPATA",NULL,NULL,NULL
"2781","130805","LA LIBERTAD","PATAZ","HUAYLILLAS",NULL,NULL,NULL
"2782","130806","LA LIBERTAD","PATAZ","HUAYO",NULL,NULL,NULL
"2783","130807","LA LIBERTAD","PATAZ","ONGON",NULL,NULL,NULL
"2784","130808","LA LIBERTAD","PATAZ","PARCOY",NULL,NULL,NULL
"2785","130809","LA LIBERTAD","PATAZ","PATAZ",NULL,NULL,NULL
"2786","130810","LA LIBERTAD","PATAZ","PIAS",NULL,NULL,NULL
"2787","130811","LA LIBERTAD","PATAZ","SANTIAGO DE CHALLAS",NULL,NULL,NULL
"2788","130812","LA LIBERTAD","PATAZ","TAURIJA",NULL,NULL,NULL
"2789","130813","LA LIBERTAD","PATAZ","URPAY",NULL,NULL,NULL
"2790","130901","LA LIBERTAD","SANCHEZ CARRION","HUAMACHUCO",NULL,NULL,NULL
"2791","130902","LA LIBERTAD","SANCHEZ CARRION","CHUGAY",NULL,NULL,NULL
"2792","130903","LA LIBERTAD","SANCHEZ CARRION","COCHORCO",NULL,NULL,NULL
"2793","130904","LA LIBERTAD","SANCHEZ CARRION","CURGOS",NULL,NULL,NULL
"2794","130905","LA LIBERTAD","SANCHEZ CARRION","MARCABAL",NULL,NULL,NULL
"2795","130906","LA LIBERTAD","SANCHEZ CARRION","SANAGORAN",NULL,NULL,NULL
"2796","130907","LA LIBERTAD","SANCHEZ CARRION","SARIN",NULL,NULL,NULL
"2797","130908","LA LIBERTAD","SANCHEZ CARRION","SARTIMBAMBA",NULL,NULL,NULL
"2798","131001","LA LIBERTAD","SANTIAGO DE CHUCO","SANTIAGO DE CHUCO",NULL,NULL,NULL
"2799","131002","LA LIBERTAD","SANTIAGO DE CHUCO","ANGASMARCA",NULL,NULL,NULL
"2800","131003","LA LIBERTAD","SANTIAGO DE CHUCO","CACHICADAN",NULL,NULL,NULL
"2801","131004","LA LIBERTAD","SANTIAGO DE CHUCO","MOLLEBAMBA",NULL,NULL,NULL
"2802","131005","LA LIBERTAD","SANTIAGO DE CHUCO","MOLLEPATA",NULL,NULL,NULL
"2803","131006","LA LIBERTAD","SANTIAGO DE CHUCO","QUIRUVILCA",NULL,NULL,NULL
"2804","131007","LA LIBERTAD","SANTIAGO DE CHUCO","SANTA CRUZ DE CHUCA",NULL,NULL,NULL
"2805","131008","LA LIBERTAD","SANTIAGO DE CHUCO","SITABAMBA",NULL,NULL,NULL
"2806","131101","LA LIBERTAD","GRAN CHIMU","CASCAS",NULL,NULL,NULL
"2807","131102","LA LIBERTAD","GRAN CHIMU","LUCMA",NULL,NULL,NULL
"2808","131103","LA LIBERTAD","GRAN CHIMU","MARMOT",NULL,NULL,NULL
"2809","131104","LA LIBERTAD","GRAN CHIMU","SAYAPULLO",NULL,NULL,NULL
"2810","131201","LA LIBERTAD","VIRU","VIRU",NULL,NULL,NULL
"2811","131202","LA LIBERTAD","VIRU","CHAO",NULL,NULL,NULL
"2812","131203","LA LIBERTAD","VIRU","GUADALUPITO",NULL,NULL,NULL
"2813","140101","LAMBAYEQUE","CHICLAYO","CHICLAYO",NULL,NULL,NULL
"2814","140102","LAMBAYEQUE","CHICLAYO","CHONGOYAPE",NULL,NULL,NULL
"2815","140103","LAMBAYEQUE","CHICLAYO","ETEN",NULL,NULL,NULL
"2816","140104","LAMBAYEQUE","CHICLAYO","ETEN PUERTO",NULL,NULL,NULL
"2817","140105","LAMBAYEQUE","CHICLAYO","JOSE LEONARDO ORTIZ",NULL,NULL,NULL
"2818","140106","LAMBAYEQUE","CHICLAYO","LA VICTORIA",NULL,NULL,NULL
"2819","140107","LAMBAYEQUE","CHICLAYO","LAGUNAS",NULL,NULL,NULL
"2820","140108","LAMBAYEQUE","CHICLAYO","MONSEFU",NULL,NULL,NULL
"2821","140109","LAMBAYEQUE","CHICLAYO","NUEVA ARICA",NULL,NULL,NULL
"2822","140110","LAMBAYEQUE","CHICLAYO","OYOTUN",NULL,NULL,NULL
"2823","140111","LAMBAYEQUE","CHICLAYO","PICSI",NULL,NULL,NULL
"2824","140112","LAMBAYEQUE","CHICLAYO","PIMENTEL",NULL,NULL,NULL
"2825","140113","LAMBAYEQUE","CHICLAYO","REQUE",NULL,NULL,NULL
"2826","140114","LAMBAYEQUE","CHICLAYO","SANTA ROSA",NULL,NULL,NULL
"2827","140115","LAMBAYEQUE","CHICLAYO","SAÑA",NULL,NULL,NULL
"2828","140116","LAMBAYEQUE","CHICLAYO","CAYALTI",NULL,NULL,NULL
"2829","140117","LAMBAYEQUE","CHICLAYO","PATAPO",NULL,NULL,NULL
"2830","140118","LAMBAYEQUE","CHICLAYO","POMALCA",NULL,NULL,NULL
"2831","140119","LAMBAYEQUE","CHICLAYO","PUCALA",NULL,NULL,NULL
"2832","140120","LAMBAYEQUE","CHICLAYO","TUMAN",NULL,NULL,NULL
"2833","140201","LAMBAYEQUE","FERREÑAFE","FERREÑAFE",NULL,NULL,NULL
"2834","140202","LAMBAYEQUE","FERREÑAFE","CAÑARIS",NULL,NULL,NULL
"2835","140203","LAMBAYEQUE","FERREÑAFE","INCAHUASI",NULL,NULL,NULL
"2836","140204","LAMBAYEQUE","FERREÑAFE","MANUEL ANTONIO MESONES MURO",NULL,NULL,NULL
"2837","140205","LAMBAYEQUE","FERREÑAFE","PITIPO",NULL,NULL,NULL
"2838","140206","LAMBAYEQUE","FERREÑAFE","PUEBLO NUEVO",NULL,NULL,NULL
"2839","140301","LAMBAYEQUE","LAMBAYEQUE","LAMBAYEQUE",NULL,NULL,NULL
"2840","140302","LAMBAYEQUE","LAMBAYEQUE","CHOCHOPE",NULL,NULL,NULL
"2841","140303","LAMBAYEQUE","LAMBAYEQUE","ILLIMO",NULL,NULL,NULL
"2842","140304","LAMBAYEQUE","LAMBAYEQUE","JAYANCA",NULL,NULL,NULL
"2843","140305","LAMBAYEQUE","LAMBAYEQUE","MOCHUMI",NULL,NULL,NULL
"2844","140306","LAMBAYEQUE","LAMBAYEQUE","MORROPE",NULL,NULL,NULL
"2845","140307","LAMBAYEQUE","LAMBAYEQUE","MOTUPE",NULL,NULL,NULL
"2846","140308","LAMBAYEQUE","LAMBAYEQUE","OLMOS",NULL,NULL,NULL
"2847","140309","LAMBAYEQUE","LAMBAYEQUE","PACORA",NULL,NULL,NULL
"2848","140310","LAMBAYEQUE","LAMBAYEQUE","SALAS",NULL,NULL,NULL
"2849","140311","LAMBAYEQUE","LAMBAYEQUE","SAN JOSE",NULL,NULL,NULL
"2850","140312","LAMBAYEQUE","LAMBAYEQUE","TUCUME",NULL,NULL,NULL
"2851","150101","LIMA","LIMA","LIMA",NULL,NULL,NULL
"2852","150102","LIMA","LIMA","ANCON",NULL,NULL,NULL
"2853","150103","LIMA","LIMA","ATE",NULL,NULL,NULL
"2854","150104","LIMA","LIMA","BARRANCO",NULL,NULL,NULL
"2855","150105","LIMA","LIMA","BREÑA",NULL,NULL,NULL
"2856","150106","LIMA","LIMA","CARABAYLLO",NULL,NULL,NULL
"2857","150107","LIMA","LIMA","CHACLACAYO",NULL,NULL,NULL
"2858","150108","LIMA","LIMA","CHORRILLOS",NULL,NULL,NULL
"2859","150109","LIMA","LIMA","CIENEGUILLA",NULL,NULL,NULL
"2860","150110","LIMA","LIMA","COMAS",NULL,NULL,NULL
"2861","150111","LIMA","LIMA","EL AGUSTINO",NULL,NULL,NULL
"2862","150112","LIMA","LIMA","INDEPENDENCIA",NULL,NULL,NULL
"2863","150113","LIMA","LIMA","JESUS MARIA",NULL,NULL,NULL
"2864","150114","LIMA","LIMA","LA MOLINA",NULL,NULL,NULL
"2865","150115","LIMA","LIMA","LA VICTORIA",NULL,NULL,NULL
"2866","150116","LIMA","LIMA","LINCE",NULL,NULL,NULL
"2867","150117","LIMA","LIMA","LOS OLIVOS",NULL,NULL,NULL
"2868","150118","LIMA","LIMA","LURIGANCHO",NULL,NULL,NULL
"2869","150119","LIMA","LIMA","LURIN",NULL,NULL,NULL
"2870","150120","LIMA","LIMA","MAGDALENA DEL MAR",NULL,NULL,NULL
"2871","150121","LIMA","LIMA","PUEBLO LIBRE",NULL,NULL,NULL
"2872","150122","LIMA","LIMA","MIRAFLORES",NULL,NULL,NULL
"2873","150123","LIMA","LIMA","PACHACAMAC",NULL,NULL,NULL
"2874","150124","LIMA","LIMA","PUCUSANA",NULL,NULL,NULL
"2875","150125","LIMA","LIMA","PUENTE PIEDRA",NULL,NULL,NULL
"2876","150126","LIMA","LIMA","PUNTA HERMOSA",NULL,NULL,NULL
"2877","150127","LIMA","LIMA","PUNTA NEGRA",NULL,NULL,NULL
"2878","150128","LIMA","LIMA","RIMAC",NULL,NULL,NULL
"2879","150129","LIMA","LIMA","SAN BARTOLO",NULL,NULL,NULL
"2880","150130","LIMA","LIMA","SAN BORJA",NULL,NULL,NULL
"2881","150131","LIMA","LIMA","SAN ISIDRO",NULL,NULL,NULL
"2882","150132","LIMA","LIMA","SAN JUAN DE LURIGANCHO",NULL,NULL,NULL
"2883","150133","LIMA","LIMA","SAN JUAN DE MIRAFLORES",NULL,NULL,NULL
"2884","150134","LIMA","LIMA","SAN LUIS",NULL,NULL,NULL
"2885","150135","LIMA","LIMA","SAN MARTIN DE PORRES",NULL,NULL,NULL
"2886","150136","LIMA","LIMA","SAN MIGUEL",NULL,NULL,NULL
"2887","150137","LIMA","LIMA","SANTA ANITA",NULL,NULL,NULL
"2888","150138","LIMA","LIMA","SANTA MARIA DEL MAR",NULL,NULL,NULL
"2889","150139","LIMA","LIMA","SANTA ROSA",NULL,NULL,NULL
"2890","150140","LIMA","LIMA","SANTIAGO DE SURCO",NULL,NULL,NULL
"2891","150141","LIMA","LIMA","SURQUILLO",NULL,NULL,NULL
"2892","150142","LIMA","LIMA","VILLA EL SALVADOR",NULL,NULL,NULL
"2893","150143","LIMA","LIMA","VILLA MARIA DEL TRIUNFO",NULL,NULL,NULL
"2894","150201","LIMA","BARRANCA","BARRANCA",NULL,NULL,NULL
"2895","150202","LIMA","BARRANCA","PARAMONGA",NULL,NULL,NULL
"2896","150203","LIMA","BARRANCA","PATIVILCA",NULL,NULL,NULL
"2897","150204","LIMA","BARRANCA","SUPE",NULL,NULL,NULL
"2898","150205","LIMA","BARRANCA","SUPE PUERTO",NULL,NULL,NULL
"2899","150301","LIMA","CAJATAMBO","CAJATAMBO",NULL,NULL,NULL
"2900","150302","LIMA","CAJATAMBO","COPA",NULL,NULL,NULL
"2901","150303","LIMA","CAJATAMBO","GORGOR",NULL,NULL,NULL
"2902","150304","LIMA","CAJATAMBO","HUANCAPON",NULL,NULL,NULL
"2903","150305","LIMA","CAJATAMBO","MANAS",NULL,NULL,NULL
"2904","150401","LIMA","CANTA","CANTA",NULL,NULL,NULL
"2905","150402","LIMA","CANTA","ARAHUAY",NULL,NULL,NULL
"2906","150403","LIMA","CANTA","HUAMANTANGA",NULL,NULL,NULL
"2907","150404","LIMA","CANTA","HUAROS",NULL,NULL,NULL
"2908","150405","LIMA","CANTA","LACHAQUI",NULL,NULL,NULL
"2909","150406","LIMA","CANTA","SAN BUENAVENTURA",NULL,NULL,NULL
"2910","150407","LIMA","CANTA","SANTA ROSA DE QUIVES",NULL,NULL,NULL
"2911","150501","LIMA","CAÑETE","SAN VICENTE DE CAÑETE",NULL,NULL,NULL
"2912","150502","LIMA","CAÑETE","ASIA",NULL,NULL,NULL
"2913","150503","LIMA","CAÑETE","CALANGO",NULL,NULL,NULL
"2914","150504","LIMA","CAÑETE","CERRO AZUL",NULL,NULL,NULL
"2915","150505","LIMA","CAÑETE","CHILCA",NULL,NULL,NULL
"2916","150506","LIMA","CAÑETE","COAYLLO",NULL,NULL,NULL
"2917","150507","LIMA","CAÑETE","IMPERIAL",NULL,NULL,NULL
"2918","150508","LIMA","CAÑETE","LUNAHUANA",NULL,NULL,NULL
"2919","150509","LIMA","CAÑETE","MALA",NULL,NULL,NULL
"2920","150510","LIMA","CAÑETE","NUEVO IMPERIAL",NULL,NULL,NULL
"2921","150511","LIMA","CAÑETE","PACARAN",NULL,NULL,NULL
"2922","150512","LIMA","CAÑETE","QUILMANA",NULL,NULL,NULL
"2923","150513","LIMA","CAÑETE","SAN ANTONIO",NULL,NULL,NULL
"2924","150514","LIMA","CAÑETE","SAN LUIS",NULL,NULL,NULL
"2925","150515","LIMA","CAÑETE","SANTA CRUZ DE FLORES",NULL,NULL,NULL
"2926","150516","LIMA","CAÑETE","ZUÑIGA",NULL,NULL,NULL
"2927","150601","LIMA","HUARAL","HUARAL",NULL,NULL,NULL
"2928","150602","LIMA","HUARAL","ATAVILLOS ALTO",NULL,NULL,NULL
"2929","150603","LIMA","HUARAL","ATAVILLOS BAJO",NULL,NULL,NULL
"2930","150604","LIMA","HUARAL","AUCALLAMA",NULL,NULL,NULL
"2931","150605","LIMA","HUARAL","CHANCAY",NULL,NULL,NULL
"2932","150606","LIMA","HUARAL","IHUARI",NULL,NULL,NULL
"2933","150607","LIMA","HUARAL","LAMPIAN",NULL,NULL,NULL
"2934","150608","LIMA","HUARAL","PACARAOS",NULL,NULL,NULL
"2935","150609","LIMA","HUARAL","SAN MIGUEL DE ACOS",NULL,NULL,NULL
"2936","150610","LIMA","HUARAL","SANTA CRUZ DE ANDAMARCA",NULL,NULL,NULL
"2937","150611","LIMA","HUARAL","SUMBILCA",NULL,NULL,NULL
"2938","150612","LIMA","HUARAL","VEINTISIETE DE NOVIEMBRE",NULL,NULL,NULL
"2939","150701","LIMA","HUAROCHIRI","MATUCANA",NULL,NULL,NULL
"2940","150702","LIMA","HUAROCHIRI","ANTIOQUIA",NULL,NULL,NULL
"2941","150703","LIMA","HUAROCHIRI","CALLAHUANCA",NULL,NULL,NULL
"2942","150704","LIMA","HUAROCHIRI","CARAMPOMA",NULL,NULL,NULL
"2943","150705","LIMA","HUAROCHIRI","CHICLA",NULL,NULL,NULL
"2944","150706","LIMA","HUAROCHIRI","CUENCA",NULL,NULL,NULL
"2945","150707","LIMA","HUAROCHIRI","HUACHUPAMPA",NULL,NULL,NULL
"2946","150708","LIMA","HUAROCHIRI","HUANZA",NULL,NULL,NULL
"2947","150709","LIMA","HUAROCHIRI","HUAROCHIRI",NULL,NULL,NULL
"2948","150710","LIMA","HUAROCHIRI","LAHUAYTAMBO",NULL,NULL,NULL
"2949","150711","LIMA","HUAROCHIRI","LANGA",NULL,NULL,NULL
"2950","150712","LIMA","HUAROCHIRI","SAN PEDRO DE LARAOS",NULL,NULL,NULL
"2951","150713","LIMA","HUAROCHIRI","MARIATANA",NULL,NULL,NULL
"2952","150714","LIMA","HUAROCHIRI","RICARDO PALMA",NULL,NULL,NULL
"2953","150715","LIMA","HUAROCHIRI","SAN ANDRES DE TUPICOCHA",NULL,NULL,NULL
"2954","150716","LIMA","HUAROCHIRI","SAN ANTONIO",NULL,NULL,NULL
"2955","150717","LIMA","HUAROCHIRI","SAN BARTOLOME",NULL,NULL,NULL
"2956","150718","LIMA","HUAROCHIRI","SAN DAMIAN",NULL,NULL,NULL
"2957","150719","LIMA","HUAROCHIRI","SAN JUAN DE IRIS",NULL,NULL,NULL
"2958","150720","LIMA","HUAROCHIRI","SAN JUAN DE TANTARANCHE",NULL,NULL,NULL
"2959","150721","LIMA","HUAROCHIRI","SAN LORENZO DE QUINTI",NULL,NULL,NULL
"2960","150722","LIMA","HUAROCHIRI","SAN MATEO",NULL,NULL,NULL
"2961","150723","LIMA","HUAROCHIRI","SAN MATEO DE OTAO",NULL,NULL,NULL
"2962","150724","LIMA","HUAROCHIRI","SAN PEDRO DE CASTA",NULL,NULL,NULL
"2963","150725","LIMA","HUAROCHIRI","SAN PEDRO DE HUANCAYRE",NULL,NULL,NULL
"2964","150726","LIMA","HUAROCHIRI","SANGALLAYA",NULL,NULL,NULL
"2965","150727","LIMA","HUAROCHIRI","SANTA CRUZ DE COCACHACRA",NULL,NULL,NULL
"2966","150728","LIMA","HUAROCHIRI","SANTA EULALIA",NULL,NULL,NULL
"2967","150729","LIMA","HUAROCHIRI","SANTIAGO DE ANCHUCAYA",NULL,NULL,NULL
"2968","150730","LIMA","HUAROCHIRI","SANTIAGO DE TUNA",NULL,NULL,NULL
"2969","150731","LIMA","HUAROCHIRI","SANTO DOMINGO DE LOS OLLEROS",NULL,NULL,NULL
"2970","150732","LIMA","HUAROCHIRI","SURCO",NULL,NULL,NULL
"2971","150801","LIMA","HUAURA","HUACHO",NULL,NULL,NULL
"2972","150802","LIMA","HUAURA","AMBAR",NULL,NULL,NULL
"2973","150803","LIMA","HUAURA","CALETA DE CARQUIN",NULL,NULL,NULL
"2974","150804","LIMA","HUAURA","CHECRAS",NULL,NULL,NULL
"2975","150805","LIMA","HUAURA","HUALMAY",NULL,NULL,NULL
"2976","150806","LIMA","HUAURA","HUAURA",NULL,NULL,NULL
"2977","150807","LIMA","HUAURA","LEONCIO PRADO",NULL,NULL,NULL
"2978","150808","LIMA","HUAURA","PACCHO",NULL,NULL,NULL
"2979","150809","LIMA","HUAURA","SANTA LEONOR",NULL,NULL,NULL
"2980","150810","LIMA","HUAURA","SANTA MARIA",NULL,NULL,NULL
"2981","150811","LIMA","HUAURA","SAYAN",NULL,NULL,NULL
"2982","150812","LIMA","HUAURA","VEGUETA",NULL,NULL,NULL
"2983","150901","LIMA","OYON","OYON",NULL,NULL,NULL
"2984","150902","LIMA","OYON","ANDAJES",NULL,NULL,NULL
"2985","150903","LIMA","OYON","CAUJUL",NULL,NULL,NULL
"2986","150904","LIMA","OYON","COCHAMARCA",NULL,NULL,NULL
"2987","150905","LIMA","OYON","NAVAN",NULL,NULL,NULL
"2988","150906","LIMA","OYON","PACHANGARA",NULL,NULL,NULL
"2989","151001","LIMA","YAUYOS","YAUYOS",NULL,NULL,NULL
"2990","151002","LIMA","YAUYOS","ALIS",NULL,NULL,NULL
"2991","151003","LIMA","YAUYOS","ALLAUCA",NULL,NULL,NULL
"2992","151004","LIMA","YAUYOS","AYAVIRI",NULL,NULL,NULL
"2993","151005","LIMA","YAUYOS","AZANGARO",NULL,NULL,NULL
"2994","151006","LIMA","YAUYOS","CACRA",NULL,NULL,NULL
"2995","151007","LIMA","YAUYOS","CARANIA",NULL,NULL,NULL
"2996","151008","LIMA","YAUYOS","CATAHUASI",NULL,NULL,NULL
"2997","151009","LIMA","YAUYOS","CHOCOS",NULL,NULL,NULL
"2998","151010","LIMA","YAUYOS","COCHAS",NULL,NULL,NULL
"2999","151011","LIMA","YAUYOS","COLONIA",NULL,NULL,NULL
"3000","151012","LIMA","YAUYOS","HONGOS",NULL,NULL,NULL
"3001","151013","LIMA","YAUYOS","HUAMPARA",NULL,NULL,NULL
"3002","151014","LIMA","YAUYOS","HUANCAYA",NULL,NULL,NULL
"3003","151015","LIMA","YAUYOS","HUANGASCAR",NULL,NULL,NULL
"3004","151016","LIMA","YAUYOS","HUANTAN",NULL,NULL,NULL
"3005","151017","LIMA","YAUYOS","HUAÑEC",NULL,NULL,NULL
"3006","151018","LIMA","YAUYOS","LARAOS",NULL,NULL,NULL
"3007","151019","LIMA","YAUYOS","LINCHA",NULL,NULL,NULL
"3008","151020","LIMA","YAUYOS","MADEAN",NULL,NULL,NULL
"3009","151021","LIMA","YAUYOS","MIRAFLORES",NULL,NULL,NULL
"3010","151022","LIMA","YAUYOS","OMAS",NULL,NULL,NULL
"3011","151023","LIMA","YAUYOS","PUTINZA",NULL,NULL,NULL
"3012","151024","LIMA","YAUYOS","QUINCHES",NULL,NULL,NULL
"3013","151025","LIMA","YAUYOS","QUINOCAY",NULL,NULL,NULL
"3014","151026","LIMA","YAUYOS","SAN JOAQUIN",NULL,NULL,NULL
"3015","151027","LIMA","YAUYOS","SAN PEDRO DE PILAS",NULL,NULL,NULL
"3016","151028","LIMA","YAUYOS","TANTA",NULL,NULL,NULL
"3017","151029","LIMA","YAUYOS","TAURIPAMPA",NULL,NULL,NULL
"3018","151030","LIMA","YAUYOS","TOMAS",NULL,NULL,NULL
"3019","151031","LIMA","YAUYOS","TUPE",NULL,NULL,NULL
"3020","151032","LIMA","YAUYOS","VIÑAC",NULL,NULL,NULL
"3021","151033","LIMA","YAUYOS","VITIS",NULL,NULL,NULL
"3022","160101","LORETO","MAYNAS","IQUITOS",NULL,NULL,NULL
"3023","160102","LORETO","MAYNAS","ALTO NANAY",NULL,NULL,NULL
"3024","160103","LORETO","MAYNAS","FERNANDO LORES",NULL,NULL,NULL
"3025","160104","LORETO","MAYNAS","INDIANA",NULL,NULL,NULL
"3026","160105","LORETO","MAYNAS","LAS AMAZONAS",NULL,NULL,NULL
"3027","160106","LORETO","MAYNAS","MAZAN",NULL,NULL,NULL
"3028","160107","LORETO","MAYNAS","NAPO",NULL,NULL,NULL
"3029","160108","LORETO","MAYNAS","PUNCHANA",NULL,NULL,NULL
"3030","160110","LORETO","MAYNAS","TORRES CAUSANA",NULL,NULL,NULL
"3031","160112","LORETO","MAYNAS","BELEN",NULL,NULL,NULL
"3032","160113","LORETO","MAYNAS","SAN JUAN BAUTISTA",NULL,NULL,NULL
"3033","160201","LORETO","ALTO AMAZONAS","YURIMAGUAS",NULL,NULL,NULL
"3034","160202","LORETO","ALTO AMAZONAS","BALSAPUERTO",NULL,NULL,NULL
"3035","160205","LORETO","ALTO AMAZONAS","JEBEROS",NULL,NULL,NULL
"3036","160206","LORETO","ALTO AMAZONAS","LAGUNAS",NULL,NULL,NULL
"3037","160210","LORETO","ALTO AMAZONAS","SANTA CRUZ",NULL,NULL,NULL
"3038","160211","LORETO","ALTO AMAZONAS","TENIENTE CESAR LOPEZ ROJAS",NULL,NULL,NULL
"3039","160301","LORETO","LORETO","NAUTA",NULL,NULL,NULL
"3040","160302","LORETO","LORETO","PARINARI",NULL,NULL,NULL
"3041","160303","LORETO","LORETO","TIGRE",NULL,NULL,NULL
"3042","160304","LORETO","LORETO","TROMPETEROS",NULL,NULL,NULL
"3043","160305","LORETO","LORETO","URARINAS",NULL,NULL,NULL
"3044","160401","LORETO","MARISCAL RAMON CASTILLA","RAMON CASTILLA",NULL,NULL,NULL
"3045","160402","LORETO","MARISCAL RAMON CASTILLA","PEBAS",NULL,NULL,NULL
"3046","160403","LORETO","MARISCAL RAMON CASTILLA","YAVARI",NULL,NULL,NULL
"3047","160404","LORETO","MARISCAL RAMON CASTILLA","SAN PABLO",NULL,NULL,NULL
"3048","160501","LORETO","REQUENA","REQUENA",NULL,NULL,NULL
"3049","160502","LORETO","REQUENA","ALTO TAPICHE",NULL,NULL,NULL
"3050","160503","LORETO","REQUENA","CAPELO",NULL,NULL,NULL
"3051","160504","LORETO","REQUENA","EMILIO SAN MARTIN",NULL,NULL,NULL
"3052","160505","LORETO","REQUENA","MAQUIA",NULL,NULL,NULL
"3053","160506","LORETO","REQUENA","PUINAHUA",NULL,NULL,NULL
"3054","160507","LORETO","REQUENA","SAQUENA",NULL,NULL,NULL
"3055","160508","LORETO","REQUENA","SOPLIN",NULL,NULL,NULL
"3056","160509","LORETO","REQUENA","TAPICHE",NULL,NULL,NULL
"3057","160510","LORETO","REQUENA","JENARO HERRERA",NULL,NULL,NULL
"3058","160511","LORETO","REQUENA","YAQUERANA",NULL,NULL,NULL
"3059","160601","LORETO","UCAYALI","CONTAMANA",NULL,NULL,NULL
"3060","160602","LORETO","UCAYALI","INAHUAYA",NULL,NULL,NULL
"3061","160603","LORETO","UCAYALI","PADRE MARQUEZ",NULL,NULL,NULL
"3062","160604","LORETO","UCAYALI","PAMPA HERMOSA",NULL,NULL,NULL
"3063","160605","LORETO","UCAYALI","SARAYACU",NULL,NULL,NULL
"3064","160606","LORETO","UCAYALI","VARGAS GUERRA",NULL,NULL,NULL
"3065","160701","LORETO","DATEM DEL MARAÑON","BARRANCA",NULL,NULL,NULL
"3066","160702","LORETO","DATEM DEL MARAÑON","CAHUAPANAS",NULL,NULL,NULL
"3067","160703","LORETO","DATEM DEL MARAÑON","MANSERICHE",NULL,NULL,NULL
"3068","160704","LORETO","DATEM DEL MARAÑON","MORONA",NULL,NULL,NULL
"3069","160705","LORETO","DATEM DEL MARAÑON","PASTAZA",NULL,NULL,NULL
"3070","160706","LORETO","DATEM DEL MARAÑON","ANDOAS",NULL,NULL,NULL
"3071","160801","LORETO","PUTUMAYO","PUTUMAYO",NULL,NULL,NULL
"3072","160802","LORETO","PUTUMAYO","ROSA PANDURO",NULL,NULL,NULL
"3073","160803","LORETO","PUTUMAYO","TENIENTE MANUEL CLAVERO",NULL,NULL,NULL
"3074","160804","LORETO","PUTUMAYO","YAGUAS",NULL,NULL,NULL
"3075","170101","MADRE DE DIOS","TAMBOPATA","TAMBOPATA",NULL,NULL,NULL
"3076","170102","MADRE DE DIOS","TAMBOPATA","INAMBARI",NULL,NULL,NULL
"3077","170103","MADRE DE DIOS","TAMBOPATA","LAS PIEDRAS",NULL,NULL,NULL
"3078","170104","MADRE DE DIOS","TAMBOPATA","LABERINTO",NULL,NULL,NULL
"3079","170201","MADRE DE DIOS","MANU","MANU",NULL,NULL,NULL
"3080","170202","MADRE DE DIOS","MANU","FITZCARRALD",NULL,NULL,NULL
"3081","170203","MADRE DE DIOS","MANU","MADRE DE DIOS",NULL,NULL,NULL
"3082","170204","MADRE DE DIOS","MANU","HUEPETUHE",NULL,NULL,NULL
"3083","170301","MADRE DE DIOS","TAHUAMANU","IÑAPARI",NULL,NULL,NULL
"3084","170302","MADRE DE DIOS","TAHUAMANU","IBERIA",NULL,NULL,NULL
"3085","170303","MADRE DE DIOS","TAHUAMANU","TAHUAMANU",NULL,NULL,NULL
"3086","180101","MOQUEGUA","MARISCAL NIETO","MOQUEGUA",NULL,NULL,NULL
"3087","180102","MOQUEGUA","MARISCAL NIETO","CARUMAS",NULL,NULL,NULL
"3088","180103","MOQUEGUA","MARISCAL NIETO","CUCHUMBAYA",NULL,NULL,NULL
"3089","180104","MOQUEGUA","MARISCAL NIETO","SAMEGUA",NULL,NULL,NULL
"3090","180105","MOQUEGUA","MARISCAL NIETO","SAN CRISTOBAL",NULL,NULL,NULL
"3091","180106","MOQUEGUA","MARISCAL NIETO","TORATA",NULL,NULL,NULL
"3092","180107","MOQUEGUA","MARISCAL NIETO","SAN ANTONIO",NULL,NULL,NULL
"3093","180201","MOQUEGUA","GENERAL SANCHEZ CERRO","OMATE",NULL,NULL,NULL
"3094","180202","MOQUEGUA","GENERAL SANCHEZ CERRO","CHOJATA",NULL,NULL,NULL
"3095","180203","MOQUEGUA","GENERAL SANCHEZ CERRO","COALAQUE",NULL,NULL,NULL
"3096","180204","MOQUEGUA","GENERAL SANCHEZ CERRO","ICHUÑA",NULL,NULL,NULL
"3097","180205","MOQUEGUA","GENERAL SANCHEZ CERRO","LA CAPILLA",NULL,NULL,NULL
"3098","180206","MOQUEGUA","GENERAL SANCHEZ CERRO","LLOQUE",NULL,NULL,NULL
"3099","180207","MOQUEGUA","GENERAL SANCHEZ CERRO","MATALAQUE",NULL,NULL,NULL
"3100","180208","MOQUEGUA","GENERAL SANCHEZ CERRO","PUQUINA",NULL,NULL,NULL
"3101","180209","MOQUEGUA","GENERAL SANCHEZ CERRO","QUINISTAQUILLAS",NULL,NULL,NULL
"3102","180210","MOQUEGUA","GENERAL SANCHEZ CERRO","UBINAS",NULL,NULL,NULL
"3103","180211","MOQUEGUA","GENERAL SANCHEZ CERRO","YUNGA",NULL,NULL,NULL
"3104","180301","MOQUEGUA","ILO","ILO",NULL,NULL,NULL
"3105","180302","MOQUEGUA","ILO","EL ALGARROBAL",NULL,NULL,NULL
"3106","180303","MOQUEGUA","ILO","PACOCHA",NULL,NULL,NULL
"3107","190101","PASCO","PASCO","CHAUPIMARCA",NULL,NULL,NULL
"3108","190102","PASCO","PASCO","HUACHON",NULL,NULL,NULL
"3109","190103","PASCO","PASCO","HUARIACA",NULL,NULL,NULL
"3110","190104","PASCO","PASCO","HUAYLLAY",NULL,NULL,NULL
"3111","190105","PASCO","PASCO","NINACACA",NULL,NULL,NULL
"3112","190106","PASCO","PASCO","PALLANCHACRA",NULL,NULL,NULL
"3113","190107","PASCO","PASCO","PAUCARTAMBO",NULL,NULL,NULL
"3114","190108","PASCO","PASCO","SAN FRANCISCO DE ASIS DE YARUSYACAN",NULL,NULL,NULL
"3115","190109","PASCO","PASCO","SIMON BOLIVAR",NULL,NULL,NULL
"3116","190110","PASCO","PASCO","TICLACAYAN",NULL,NULL,NULL
"3117","190111","PASCO","PASCO","TINYAHUARCO",NULL,NULL,NULL
"3118","190112","PASCO","PASCO","VICCO",NULL,NULL,NULL
"3119","190113","PASCO","PASCO","YANACANCHA",NULL,NULL,NULL
"3120","190201","PASCO","DANIEL ALCIDES CARRION","YANAHUANCA",NULL,NULL,NULL
"3121","190202","PASCO","DANIEL ALCIDES CARRION","CHACAYAN",NULL,NULL,NULL
"3122","190203","PASCO","DANIEL ALCIDES CARRION","GOYLLARISQUIZGA",NULL,NULL,NULL
"3123","190204","PASCO","DANIEL ALCIDES CARRION","PAUCAR",NULL,NULL,NULL
"3124","190205","PASCO","DANIEL ALCIDES CARRION","SAN PEDRO DE PILLAO",NULL,NULL,NULL
"3125","190206","PASCO","DANIEL ALCIDES CARRION","SANTA ANA DE TUSI",NULL,NULL,NULL
"3126","190207","PASCO","DANIEL ALCIDES CARRION","TAPUC",NULL,NULL,NULL
"3127","190208","PASCO","DANIEL ALCIDES CARRION","VILCABAMBA",NULL,NULL,NULL
"3128","190301","PASCO","OXAPAMPA","OXAPAMPA",NULL,NULL,NULL
"3129","190302","PASCO","OXAPAMPA","CHONTABAMBA",NULL,NULL,NULL
"3130","190303","PASCO","OXAPAMPA","HUANCABAMBA",NULL,NULL,NULL
"3131","190304","PASCO","OXAPAMPA","PALCAZU",NULL,NULL,NULL
"3132","190305","PASCO","OXAPAMPA","POZUZO",NULL,NULL,NULL
"3133","190306","PASCO","OXAPAMPA","PUERTO BERMUDEZ",NULL,NULL,NULL
"3134","190307","PASCO","OXAPAMPA","VILLA RICA",NULL,NULL,NULL
"3135","190308","PASCO","OXAPAMPA","CONSTITUCION",NULL,NULL,NULL
"3136","200101","PIURA","PIURA","PIURA",NULL,NULL,NULL
"3137","200104","PIURA","PIURA","CASTILLA",NULL,NULL,NULL
"3138","200105","PIURA","PIURA","CATACAOS",NULL,NULL,NULL
"3139","200107","PIURA","PIURA","CURA MORI",NULL,NULL,NULL
"3140","200108","PIURA","PIURA","EL TALLAN",NULL,NULL,NULL
"3141","200109","PIURA","PIURA","LA ARENA",NULL,NULL,NULL
"3142","200110","PIURA","PIURA","LA UNION",NULL,NULL,NULL
"3143","200111","PIURA","PIURA","LAS LOMAS",NULL,NULL,NULL
"3144","200114","PIURA","PIURA","TAMBO GRANDE",NULL,NULL,NULL
"3145","200115","PIURA","PIURA","VEINTISEIS DE OCTUBRE",NULL,NULL,NULL
"3146","200201","PIURA","AYABACA","AYABACA",NULL,NULL,NULL
"3147","200202","PIURA","AYABACA","FRIAS",NULL,NULL,NULL
"3148","200203","PIURA","AYABACA","JILILI",NULL,NULL,NULL
"3149","200204","PIURA","AYABACA","LAGUNAS",NULL,NULL,NULL
"3150","200205","PIURA","AYABACA","MONTERO",NULL,NULL,NULL
"3151","200206","PIURA","AYABACA","PACAIPAMPA",NULL,NULL,NULL
"3152","200207","PIURA","AYABACA","PAIMAS",NULL,NULL,NULL
"3153","200208","PIURA","AYABACA","SAPILLICA",NULL,NULL,NULL
"3154","200209","PIURA","AYABACA","SICCHEZ",NULL,NULL,NULL
"3155","200210","PIURA","AYABACA","SUYO",NULL,NULL,NULL
"3156","200301","PIURA","HUANCABAMBA","HUANCABAMBA",NULL,NULL,NULL
"3157","200302","PIURA","HUANCABAMBA","CANCHAQUE",NULL,NULL,NULL
"3158","200303","PIURA","HUANCABAMBA","EL CARMEN DE LA FRONTERA",NULL,NULL,NULL
"3159","200304","PIURA","HUANCABAMBA","HUARMACA",NULL,NULL,NULL
"3160","200305","PIURA","HUANCABAMBA","LALAQUIZ",NULL,NULL,NULL
"3161","200306","PIURA","HUANCABAMBA","SAN MIGUEL DE EL FAIQUE",NULL,NULL,NULL
"3162","200307","PIURA","HUANCABAMBA","SONDOR",NULL,NULL,NULL
"3163","200308","PIURA","HUANCABAMBA","SONDORILLO",NULL,NULL,NULL
"3164","200401","PIURA","MORROPON","CHULUCANAS",NULL,NULL,NULL
"3165","200402","PIURA","MORROPON","BUENOS AIRES",NULL,NULL,NULL
"3166","200403","PIURA","MORROPON","CHALACO",NULL,NULL,NULL
"3167","200404","PIURA","MORROPON","LA MATANZA",NULL,NULL,NULL
"3168","200405","PIURA","MORROPON","MORROPON",NULL,NULL,NULL
"3169","200406","PIURA","MORROPON","SALITRAL",NULL,NULL,NULL
"3170","200407","PIURA","MORROPON","SAN JUAN DE BIGOTE",NULL,NULL,NULL
"3171","200408","PIURA","MORROPON","SANTA CATALINA DE MOSSA",NULL,NULL,NULL
"3172","200409","PIURA","MORROPON","SANTO DOMINGO",NULL,NULL,NULL
"3173","200410","PIURA","MORROPON","YAMANGO",NULL,NULL,NULL
"3174","200501","PIURA","PAITA","PAITA",NULL,NULL,NULL
"3175","200502","PIURA","PAITA","AMOTAPE",NULL,NULL,NULL
"3176","200503","PIURA","PAITA","ARENAL",NULL,NULL,NULL
"3177","200504","PIURA","PAITA","COLAN",NULL,NULL,NULL
"3178","200505","PIURA","PAITA","LA HUACA",NULL,NULL,NULL
"3179","200506","PIURA","PAITA","TAMARINDO",NULL,NULL,NULL
"3180","200507","PIURA","PAITA","VICHAYAL",NULL,NULL,NULL
"3181","200601","PIURA","SULLANA","SULLANA",NULL,NULL,NULL
"3182","200602","PIURA","SULLANA","BELLAVISTA",NULL,NULL,NULL
"3183","200603","PIURA","SULLANA","IGNACIO ESCUDERO",NULL,NULL,NULL
"3184","200604","PIURA","SULLANA","LANCONES",NULL,NULL,NULL
"3185","200605","PIURA","SULLANA","MARCAVELICA",NULL,NULL,NULL
"3186","200606","PIURA","SULLANA","MIGUEL CHECA",NULL,NULL,NULL
"3187","200607","PIURA","SULLANA","QUERECOTILLO",NULL,NULL,NULL
"3188","200608","PIURA","SULLANA","SALITRAL",NULL,NULL,NULL
"3189","200701","PIURA","TALARA","PARIÑAS",NULL,NULL,NULL
"3190","200702","PIURA","TALARA","EL ALTO",NULL,NULL,NULL
"3191","200703","PIURA","TALARA","LA BREA",NULL,NULL,NULL
"3192","200704","PIURA","TALARA","LOBITOS",NULL,NULL,NULL
"3193","200705","PIURA","TALARA","LOS ORGANOS",NULL,NULL,NULL
"3194","200706","PIURA","TALARA","MANCORA",NULL,NULL,NULL
"3195","200801","PIURA","SECHURA","SECHURA",NULL,NULL,NULL
"3196","200802","PIURA","SECHURA","BELLAVISTA DE LA UNION",NULL,NULL,NULL
"3197","200803","PIURA","SECHURA","BERNAL",NULL,NULL,NULL
"3198","200804","PIURA","SECHURA","CRISTO NOS VALGA",NULL,NULL,NULL
"3199","200805","PIURA","SECHURA","VICE",NULL,NULL,NULL
"3200","200806","PIURA","SECHURA","RINCONADA LLICUAR",NULL,NULL,NULL
"3201","210101","PUNO","PUNO","PUNO",NULL,NULL,NULL
"3202","210102","PUNO","PUNO","ACORA",NULL,NULL,NULL
"3203","210103","PUNO","PUNO","AMANTANI",NULL,NULL,NULL
"3204","210104","PUNO","PUNO","ATUNCOLLA",NULL,NULL,NULL
"3205","210105","PUNO","PUNO","CAPACHICA",NULL,NULL,NULL
"3206","210106","PUNO","PUNO","CHUCUITO",NULL,NULL,NULL
"3207","210107","PUNO","PUNO","COATA",NULL,NULL,NULL
"3208","210108","PUNO","PUNO","HUATA",NULL,NULL,NULL
"3209","210109","PUNO","PUNO","MAÑAZO",NULL,NULL,NULL
"3210","210110","PUNO","PUNO","PAUCARCOLLA",NULL,NULL,NULL
"3211","210111","PUNO","PUNO","PICHACANI",NULL,NULL,NULL
"3212","210112","PUNO","PUNO","PLATERIA",NULL,NULL,NULL
"3213","210113","PUNO","PUNO","SAN ANTONIO",NULL,NULL,NULL
"3214","210114","PUNO","PUNO","TIQUILLACA",NULL,NULL,NULL
"3215","210115","PUNO","PUNO","VILQUE",NULL,NULL,NULL
"3216","210201","PUNO","AZANGARO","AZANGARO",NULL,NULL,NULL
"3217","210202","PUNO","AZANGARO","ACHAYA",NULL,NULL,NULL
"3218","210203","PUNO","AZANGARO","ARAPA",NULL,NULL,NULL
"3219","210204","PUNO","AZANGARO","ASILLO",NULL,NULL,NULL
"3220","210205","PUNO","AZANGARO","CAMINACA",NULL,NULL,NULL
"3221","210206","PUNO","AZANGARO","CHUPA",NULL,NULL,NULL
"3222","210207","PUNO","AZANGARO","JOSE DOMINGO CHOQUEHUANCA",NULL,NULL,NULL
"3223","210208","PUNO","AZANGARO","MUÑANI",NULL,NULL,NULL
"3224","210209","PUNO","AZANGARO","POTONI",NULL,NULL,NULL
"3225","210210","PUNO","AZANGARO","SAMAN",NULL,NULL,NULL
"3226","210211","PUNO","AZANGARO","SAN ANTON",NULL,NULL,NULL
"3227","210212","PUNO","AZANGARO","SAN JOSE",NULL,NULL,NULL
"3228","210213","PUNO","AZANGARO","SAN JUAN DE SALINAS",NULL,NULL,NULL
"3229","210214","PUNO","AZANGARO","SANTIAGO DE PUPUJA",NULL,NULL,NULL
"3230","210215","PUNO","AZANGARO","TIRAPATA",NULL,NULL,NULL
"3231","210301","PUNO","CARABAYA","MACUSANI",NULL,NULL,NULL
"3232","210302","PUNO","CARABAYA","AJOYANI",NULL,NULL,NULL
"3233","210303","PUNO","CARABAYA","AYAPATA",NULL,NULL,NULL
"3234","210304","PUNO","CARABAYA","COASA",NULL,NULL,NULL
"3235","210305","PUNO","CARABAYA","CORANI",NULL,NULL,NULL
"3236","210306","PUNO","CARABAYA","CRUCERO",NULL,NULL,NULL
"3237","210307","PUNO","CARABAYA","ITUATA",NULL,NULL,NULL
"3238","210308","PUNO","CARABAYA","OLLACHEA",NULL,NULL,NULL
"3239","210309","PUNO","CARABAYA","SAN GABAN",NULL,NULL,NULL
"3240","210310","PUNO","CARABAYA","USICAYOS",NULL,NULL,NULL
"3241","210401","PUNO","CHUCUITO","JULI",NULL,NULL,NULL
"3242","210402","PUNO","CHUCUITO","DESAGUADERO",NULL,NULL,NULL
"3243","210403","PUNO","CHUCUITO","HUACULLANI",NULL,NULL,NULL
"3244","210404","PUNO","CHUCUITO","KELLUYO",NULL,NULL,NULL
"3245","210405","PUNO","CHUCUITO","PISACOMA",NULL,NULL,NULL
"3246","210406","PUNO","CHUCUITO","POMATA",NULL,NULL,NULL
"3247","210407","PUNO","CHUCUITO","ZEPITA",NULL,NULL,NULL
"3248","210501","PUNO","EL COLLAO","ILAVE",NULL,NULL,NULL
"3249","210502","PUNO","EL COLLAO","CAPAZO",NULL,NULL,NULL
"3250","210503","PUNO","EL COLLAO","PILCUYO",NULL,NULL,NULL
"3251","210504","PUNO","EL COLLAO","SANTA ROSA",NULL,NULL,NULL
"3252","210505","PUNO","EL COLLAO","CONDURIRI",NULL,NULL,NULL
"3253","210601","PUNO","HUANCANE","HUANCANE",NULL,NULL,NULL
"3254","210602","PUNO","HUANCANE","COJATA",NULL,NULL,NULL
"3255","210603","PUNO","HUANCANE","HUATASANI",NULL,NULL,NULL
"3256","210604","PUNO","HUANCANE","INCHUPALLA",NULL,NULL,NULL
"3257","210605","PUNO","HUANCANE","PUSI",NULL,NULL,NULL
"3258","210606","PUNO","HUANCANE","ROSASPATA",NULL,NULL,NULL
"3259","210607","PUNO","HUANCANE","TARACO",NULL,NULL,NULL
"3260","210608","PUNO","HUANCANE","VILQUE CHICO",NULL,NULL,NULL
"3261","210701","PUNO","LAMPA","LAMPA",NULL,NULL,NULL
"3262","210702","PUNO","LAMPA","CABANILLA",NULL,NULL,NULL
"3263","210703","PUNO","LAMPA","CALAPUJA",NULL,NULL,NULL
"3264","210704","PUNO","LAMPA","NICASIO",NULL,NULL,NULL
"3265","210705","PUNO","LAMPA","OCUVIRI",NULL,NULL,NULL
"3266","210706","PUNO","LAMPA","PALCA",NULL,NULL,NULL
"3267","210707","PUNO","LAMPA","PARATIA",NULL,NULL,NULL
"3268","210708","PUNO","LAMPA","PUCARA",NULL,NULL,NULL
"3269","210709","PUNO","LAMPA","SANTA LUCIA",NULL,NULL,NULL
"3270","210710","PUNO","LAMPA","VILAVILA",NULL,NULL,NULL
"3271","210801","PUNO","MELGAR","AYAVIRI",NULL,NULL,NULL
"3272","210802","PUNO","MELGAR","ANTAUTA",NULL,NULL,NULL
"3273","210803","PUNO","MELGAR","CUPI",NULL,NULL,NULL
"3274","210804","PUNO","MELGAR","LLALLI",NULL,NULL,NULL
"3275","210805","PUNO","MELGAR","MACARI",NULL,NULL,NULL
"3276","210806","PUNO","MELGAR","NUÑOA",NULL,NULL,NULL
"3277","210807","PUNO","MELGAR","ORURILLO",NULL,NULL,NULL
"3278","210808","PUNO","MELGAR","SANTA ROSA",NULL,NULL,NULL
"3279","210809","PUNO","MELGAR","UMACHIRI",NULL,NULL,NULL
"3280","210901","PUNO","MOHO","MOHO",NULL,NULL,NULL
"3281","210902","PUNO","MOHO","CONIMA",NULL,NULL,NULL
"3282","210903","PUNO","MOHO","HUAYRAPATA",NULL,NULL,NULL
"3283","210904","PUNO","MOHO","TILALI",NULL,NULL,NULL
"3284","211001","PUNO","SAN ANTONIO DE PUTINA","PUTINA",NULL,NULL,NULL
"3285","211002","PUNO","SAN ANTONIO DE PUTINA","ANANEA",NULL,NULL,NULL
"3286","211003","PUNO","SAN ANTONIO DE PUTINA","PEDRO VILCA APAZA",NULL,NULL,NULL
"3287","211004","PUNO","SAN ANTONIO DE PUTINA","QUILCAPUNCU",NULL,NULL,NULL
"3288","211005","PUNO","SAN ANTONIO DE PUTINA","SINA",NULL,NULL,NULL
"3289","211101","PUNO","SAN ROMAN","JULIACA",NULL,NULL,NULL
"3290","211102","PUNO","SAN ROMAN","CABANA",NULL,NULL,NULL
"3291","211103","PUNO","SAN ROMAN","CABANILLAS",NULL,NULL,NULL
"3292","211104","PUNO","SAN ROMAN","CARACOTO",NULL,NULL,NULL
"3293","211105","PUNO","SAN ROMAN","SAN MIGUEL",NULL,NULL,NULL
"3294","211201","PUNO","SANDIA","SANDIA",NULL,NULL,NULL
"3295","211202","PUNO","SANDIA","CUYOCUYO",NULL,NULL,NULL
"3296","211203","PUNO","SANDIA","LIMBANI",NULL,NULL,NULL
"3297","211204","PUNO","SANDIA","PATAMBUCO",NULL,NULL,NULL
"3298","211205","PUNO","SANDIA","PHARA",NULL,NULL,NULL
"3299","211206","PUNO","SANDIA","QUIACA",NULL,NULL,NULL
"3300","211207","PUNO","SANDIA","SAN JUAN DEL ORO",NULL,NULL,NULL
"3301","211208","PUNO","SANDIA","YANAHUAYA",NULL,NULL,NULL
"3302","211209","PUNO","SANDIA","ALTO INAMBARI",NULL,NULL,NULL
"3303","211210","PUNO","SANDIA","SAN PEDRO DE PUTINA PUNCO",NULL,NULL,NULL
"3304","211301","PUNO","YUNGUYO","YUNGUYO",NULL,NULL,NULL
"3305","211302","PUNO","YUNGUYO","ANAPIA",NULL,NULL,NULL
"3306","211303","PUNO","YUNGUYO","COPANI",NULL,NULL,NULL
"3307","211304","PUNO","YUNGUYO","CUTURAPI",NULL,NULL,NULL
"3308","211305","PUNO","YUNGUYO","OLLARAYA",NULL,NULL,NULL
"3309","211306","PUNO","YUNGUYO","TINICACHI",NULL,NULL,NULL
"3310","211307","PUNO","YUNGUYO","UNICACHI",NULL,NULL,NULL
"3311","220101","SAN MARTIN","MOYOBAMBA","MOYOBAMBA",NULL,NULL,NULL
"3312","220102","SAN MARTIN","MOYOBAMBA","CALZADA",NULL,NULL,NULL
"3313","220103","SAN MARTIN","MOYOBAMBA","HABANA",NULL,NULL,NULL
"3314","220104","SAN MARTIN","MOYOBAMBA","JEPELACIO",NULL,NULL,NULL
"3315","220105","SAN MARTIN","MOYOBAMBA","SORITOR",NULL,NULL,NULL
"3316","220106","SAN MARTIN","MOYOBAMBA","YANTALO",NULL,NULL,NULL
"3317","220201","SAN MARTIN","BELLAVISTA","BELLAVISTA",NULL,NULL,NULL
"3318","220202","SAN MARTIN","BELLAVISTA","ALTO BIAVO",NULL,NULL,NULL
"3319","220203","SAN MARTIN","BELLAVISTA","BAJO BIAVO",NULL,NULL,NULL
"3320","220204","SAN MARTIN","BELLAVISTA","HUALLAGA",NULL,NULL,NULL
"3321","220205","SAN MARTIN","BELLAVISTA","SAN PABLO",NULL,NULL,NULL
"3322","220206","SAN MARTIN","BELLAVISTA","SAN RAFAEL",NULL,NULL,NULL
"3323","220301","SAN MARTIN","EL DORADO","SAN JOSE DE SISA",NULL,NULL,NULL
"3324","220302","SAN MARTIN","EL DORADO","AGUA BLANCA",NULL,NULL,NULL
"3325","220303","SAN MARTIN","EL DORADO","SAN MARTIN",NULL,NULL,NULL
"3326","220304","SAN MARTIN","EL DORADO","SANTA ROSA",NULL,NULL,NULL
"3327","220305","SAN MARTIN","EL DORADO","SHATOJA",NULL,NULL,NULL
"3328","220401","SAN MARTIN","HUALLAGA","SAPOSOA",NULL,NULL,NULL
"3329","220402","SAN MARTIN","HUALLAGA","ALTO SAPOSOA",NULL,NULL,NULL
"3330","220403","SAN MARTIN","HUALLAGA","EL ESLABON",NULL,NULL,NULL
"3331","220404","SAN MARTIN","HUALLAGA","PISCOYACU",NULL,NULL,NULL
"3332","220405","SAN MARTIN","HUALLAGA","SACANCHE",NULL,NULL,NULL
"3333","220406","SAN MARTIN","HUALLAGA","TINGO DE SAPOSOA",NULL,NULL,NULL
"3334","220501","SAN MARTIN","LAMAS","LAMAS",NULL,NULL,NULL
"3335","220502","SAN MARTIN","LAMAS","ALONSO DE ALVARADO",NULL,NULL,NULL
"3336","220503","SAN MARTIN","LAMAS","BARRANQUITA",NULL,NULL,NULL
"3337","220504","SAN MARTIN","LAMAS","CAYNARACHI",NULL,NULL,NULL
"3338","220505","SAN MARTIN","LAMAS","CUÑUMBUQUI",NULL,NULL,NULL
"3339","220506","SAN MARTIN","LAMAS","PINTO RECODO",NULL,NULL,NULL
"3340","220507","SAN MARTIN","LAMAS","RUMISAPA",NULL,NULL,NULL
"3341","220508","SAN MARTIN","LAMAS","SAN ROQUE DE CUMBAZA",NULL,NULL,NULL
"3342","220509","SAN MARTIN","LAMAS","SHANAO",NULL,NULL,NULL
"3343","220510","SAN MARTIN","LAMAS","TABALOSOS",NULL,NULL,NULL
"3344","220511","SAN MARTIN","LAMAS","ZAPATERO",NULL,NULL,NULL
"3345","220601","SAN MARTIN","MARISCAL CACERES","JUANJUI",NULL,NULL,NULL
"3346","220602","SAN MARTIN","MARISCAL CACERES","CAMPANILLA",NULL,NULL,NULL
"3347","220603","SAN MARTIN","MARISCAL CACERES","HUICUNGO",NULL,NULL,NULL
"3348","220604","SAN MARTIN","MARISCAL CACERES","PACHIZA",NULL,NULL,NULL
"3349","220605","SAN MARTIN","MARISCAL CACERES","PAJARILLO",NULL,NULL,NULL
"3350","220701","SAN MARTIN","PICOTA","PICOTA",NULL,NULL,NULL
"3351","220702","SAN MARTIN","PICOTA","BUENOS AIRES",NULL,NULL,NULL
"3352","220703","SAN MARTIN","PICOTA","CASPISAPA",NULL,NULL,NULL
"3353","220704","SAN MARTIN","PICOTA","PILLUANA",NULL,NULL,NULL
"3354","220705","SAN MARTIN","PICOTA","PUCACACA",NULL,NULL,NULL
"3355","220706","SAN MARTIN","PICOTA","SAN CRISTOBAL",NULL,NULL,NULL
"3356","220707","SAN MARTIN","PICOTA","SAN HILARION",NULL,NULL,NULL
"3357","220708","SAN MARTIN","PICOTA","SHAMBOYACU",NULL,NULL,NULL
"3358","220709","SAN MARTIN","PICOTA","TINGO DE PONASA",NULL,NULL,NULL
"3359","220710","SAN MARTIN","PICOTA","TRES UNIDOS",NULL,NULL,NULL
"3360","220801","SAN MARTIN","RIOJA","RIOJA",NULL,NULL,NULL
"3361","220802","SAN MARTIN","RIOJA","AWAJUN",NULL,NULL,NULL
"3362","220803","SAN MARTIN","RIOJA","ELIAS SOPLIN VARGAS",NULL,NULL,NULL
"3363","220804","SAN MARTIN","RIOJA","NUEVA CAJAMARCA",NULL,NULL,NULL
"3364","220805","SAN MARTIN","RIOJA","PARDO MIGUEL",NULL,NULL,NULL
"3365","220806","SAN MARTIN","RIOJA","POSIC",NULL,NULL,NULL
"3366","220807","SAN MARTIN","RIOJA","SAN FERNANDO",NULL,NULL,NULL
"3367","220808","SAN MARTIN","RIOJA","YORONGOS",NULL,NULL,NULL
"3368","220809","SAN MARTIN","RIOJA","YURACYACU",NULL,NULL,NULL
"3369","220901","SAN MARTIN","SAN MARTIN","TARAPOTO",NULL,NULL,NULL
"3370","220902","SAN MARTIN","SAN MARTIN","ALBERTO LEVEAU",NULL,NULL,NULL
"3371","220903","SAN MARTIN","SAN MARTIN","CACATACHI",NULL,NULL,NULL
"3372","220904","SAN MARTIN","SAN MARTIN","CHAZUTA",NULL,NULL,NULL
"3373","220905","SAN MARTIN","SAN MARTIN","CHIPURANA",NULL,NULL,NULL
"3374","220906","SAN MARTIN","SAN MARTIN","EL PORVENIR",NULL,NULL,NULL
"3375","220907","SAN MARTIN","SAN MARTIN","HUIMBAYOC",NULL,NULL,NULL
"3376","220908","SAN MARTIN","SAN MARTIN","JUAN GUERRA",NULL,NULL,NULL
"3377","220909","SAN MARTIN","SAN MARTIN","LA BANDA DE SHILCAYO",NULL,NULL,NULL
"3378","220910","SAN MARTIN","SAN MARTIN","MORALES",NULL,NULL,NULL
"3379","220911","SAN MARTIN","SAN MARTIN","PAPAPLAYA",NULL,NULL,NULL
"3380","220912","SAN MARTIN","SAN MARTIN","SAN ANTONIO",NULL,NULL,NULL
"3381","220913","SAN MARTIN","SAN MARTIN","SAUCE",NULL,NULL,NULL
"3382","220914","SAN MARTIN","SAN MARTIN","SHAPAJA",NULL,NULL,NULL
"3383","221001","SAN MARTIN","TOCACHE","TOCACHE",NULL,NULL,NULL
"3384","221002","SAN MARTIN","TOCACHE","NUEVO PROGRESO",NULL,NULL,NULL
"3385","221003","SAN MARTIN","TOCACHE","POLVORA",NULL,NULL,NULL
"3386","221004","SAN MARTIN","TOCACHE","SHUNTE",NULL,NULL,NULL
"3387","221005","SAN MARTIN","TOCACHE","UCHIZA",NULL,NULL,NULL
"3388","221006","SAN MARTIN","TOCACHE","SANTA LUCIA",NULL,NULL,NULL
"3389","230101","TACNA","TACNA","TACNA",NULL,NULL,NULL
"3390","230102","TACNA","TACNA","ALTO DE LA ALIANZA",NULL,NULL,NULL
"3391","230103","TACNA","TACNA","CALANA",NULL,NULL,NULL
"3392","230104","TACNA","TACNA","CIUDAD NUEVA",NULL,NULL,NULL
"3393","230105","TACNA","TACNA","INCLAN",NULL,NULL,NULL
"3394","230106","TACNA","TACNA","PACHIA",NULL,NULL,NULL
"3395","230107","TACNA","TACNA","PALCA",NULL,NULL,NULL
"3396","230108","TACNA","TACNA","POCOLLAY",NULL,NULL,NULL
"3397","230109","TACNA","TACNA","SAMA",NULL,NULL,NULL
"3398","230110","TACNA","TACNA","CORONEL GREGORIO ALBARRACIN LANCHIPA",NULL,NULL,NULL
"3399","230111","TACNA","TACNA","LA YARADA LOS PALOS",NULL,NULL,NULL
"3400","230201","TACNA","CANDARAVE","CANDARAVE",NULL,NULL,NULL
"3401","230202","TACNA","CANDARAVE","CAIRANI",NULL,NULL,NULL
"3402","230203","TACNA","CANDARAVE","CAMILACA",NULL,NULL,NULL
"3403","230204","TACNA","CANDARAVE","CURIBAYA",NULL,NULL,NULL
"3404","230205","TACNA","CANDARAVE","HUANUARA",NULL,NULL,NULL
"3405","230206","TACNA","CANDARAVE","QUILAHUANI",NULL,NULL,NULL
"3406","230301","TACNA","JORGE BASADRE","LOCUMBA",NULL,NULL,NULL
"3407","230302","TACNA","JORGE BASADRE","ILABAYA",NULL,NULL,NULL
"3408","230303","TACNA","JORGE BASADRE","ITE",NULL,NULL,NULL
"3409","230401","TACNA","TARATA","TARATA",NULL,NULL,NULL
"3410","230402","TACNA","TARATA","HEROES ALBARRACIN",NULL,NULL,NULL
"3411","230403","TACNA","TARATA","ESTIQUE",NULL,NULL,NULL
"3412","230404","TACNA","TARATA","ESTIQUE-PAMPA",NULL,NULL,NULL
"3413","230405","TACNA","TARATA","SITAJARA",NULL,NULL,NULL
"3414","230406","TACNA","TARATA","SUSAPAYA",NULL,NULL,NULL
"3415","230407","TACNA","TARATA","TARUCACHI",NULL,NULL,NULL
"3416","230408","TACNA","TARATA","TICACO",NULL,NULL,NULL
"3417","240101","TUMBES","TUMBES","TUMBES",NULL,NULL,NULL
"3418","240102","TUMBES","TUMBES","CORRALES",NULL,NULL,NULL
"3419","240103","TUMBES","TUMBES","LA CRUZ",NULL,NULL,NULL
"3420","240104","TUMBES","TUMBES","PAMPAS DE HOSPITAL",NULL,NULL,NULL
"3421","240105","TUMBES","TUMBES","SAN JACINTO",NULL,NULL,NULL
"3422","240106","TUMBES","TUMBES","SAN JUAN DE LA VIRGEN",NULL,NULL,NULL
"3423","240201","TUMBES","CONTRALMIRANTE VILLAR","ZORRITOS",NULL,NULL,NULL
"3424","240202","TUMBES","CONTRALMIRANTE VILLAR","CASITAS",NULL,NULL,NULL
"3425","240203","TUMBES","CONTRALMIRANTE VILLAR","CANOAS DE PUNTA SAL",NULL,NULL,NULL
"3426","240301","TUMBES","ZARUMILLA","ZARUMILLA",NULL,NULL,NULL
"3427","240302","TUMBES","ZARUMILLA","AGUAS VERDES",NULL,NULL,NULL
"3428","240303","TUMBES","ZARUMILLA","MATAPALO",NULL,NULL,NULL
"3429","240304","TUMBES","ZARUMILLA","PAPAYAL",NULL,NULL,NULL
"3430","250101","UCAYALI","CORONEL PORTILLO","CALLERIA",NULL,NULL,NULL
"3431","250102","UCAYALI","CORONEL PORTILLO","CAMPOVERDE",NULL,NULL,NULL
"3432","250103","UCAYALI","CORONEL PORTILLO","IPARIA",NULL,NULL,NULL
"3433","250104","UCAYALI","CORONEL PORTILLO","MASISEA",NULL,NULL,NULL
"3434","250105","UCAYALI","CORONEL PORTILLO","YARINACOCHA",NULL,NULL,NULL
"3435","250106","UCAYALI","CORONEL PORTILLO","NUEVA REQUENA",NULL,NULL,NULL
"3436","250107","UCAYALI","CORONEL PORTILLO","MANANTAY",NULL,NULL,NULL
"3437","250201","UCAYALI","ATALAYA","RAIMONDI",NULL,NULL,NULL
"3438","250202","UCAYALI","ATALAYA","SEPAHUA",NULL,NULL,NULL
"3439","250203","UCAYALI","ATALAYA","TAHUANIA",NULL,NULL,NULL
"3440","250204","UCAYALI","ATALAYA","YURUA",NULL,NULL,NULL
"3441","250301","UCAYALI","PADRE ABAD","PADRE ABAD",NULL,NULL,NULL
"3442","250302","UCAYALI","PADRE ABAD","IRAZOLA",NULL,NULL,NULL
"3443","250303","UCAYALI","PADRE ABAD","CURIMANA",NULL,NULL,NULL
"3444","250304","UCAYALI","PADRE ABAD","NESHUYA",NULL,NULL,NULL
"3445","250305","UCAYALI","PADRE ABAD","ALEXANDER VON HUMBOLDT",NULL,NULL,NULL
"3446","250306","UCAYALI","PADRE ABAD","HUIPOCA",NULL,NULL,NULL
"3447","250307","UCAYALI","PADRE ABAD","BOQUERON",NULL,NULL,NULL
"3448","250401","UCAYALI","PURUS","PURUS",NULL,NULL,NULL
